sku,price_per_box,supervisor_target_boxes,brand_name_thai,brand_name_english,product_name_thai
736017,648.9,57,มิตรผล,Mitrphol,มิตรผลโกลด์น้ำตาลแร่ธรรมชาติ
736173,575.7,6,มิตรผล,Mitrphol,มิตรผลน้ำตาลทรายชนิดขวด220ก.
737254,1091.12,5,มิตรผล,Mitrphol,มิตรผลคอฟฟี่ชูการ์ชนิดซอง(8ก.x30x4x10)
320150,2027.24,64,ซิสเท็มมา,Systema,ซิสเท็มมาแปรงสีฟันนุ่มพิเศษใหม่
320473,1764.6,5,ซิสเท็มมา,Systema,ซิสเท็มมาแปรงสีฟันคลาสสิกคลีน-เอ็มP3
320234,1813.04,5,ซิสเท็มมา,Systema,ซิสเท็มมาแปรงสีฟันจัดฟันโอดี-เอส
320259,1399.94,83,ซิสเท็มมา,Systema,ซิสเท็มมาแปรงสีฟันคลาสสิกคลีน-แอล
320317,2113.09,5,ซิสเท็มมา,Systema,ซิสเท็มมาแปรงสีฟันเอ็กซ์แอลนุ่มมาตรฐาน+ยาสีฟัน
320598,2026.97,5,ซิสเท็มมา,Systema,ซิสเท็มมาแปรงสีฟันออรินุ่มมาตราฐาน+ยาMAXICOOL25ก.
320226,1813.05,40,ซิสเท็มมา,Systema,ซิสเท็มมาแปรงสีฟันจัดฟันโอดี-เอ็ม
293886,510.0,44,ไลปอนเอฟ,Lipon-F,ไลปอน กลิ่นชามะนาว 3200มล
718064,1198.5,28,โชกุบุซึ,Chogubuze,โชกุบุสซึโฟมสูตรลดสิวเสี้ยน100ก.
210138,350.66,129,ซื่อสัตย์,SUE-SAT,ซื่อสัตย์ผงซักฟอก5000ก.(3)
139337,918.0,28,โชกุบุซึ,Chogubuze,โชกุบุสซึครีมอาบน้ำผิวนุ่มขวดชิ้งค์200มล.
139253,484.49,9,โชกุบุซึ,Chogubuze,โชกุบุสซึครีมอาบน้ำผิวขาวชิ้งค์100มล.
013243,289.84,52,ของแถม,PREMIUM,ถังต่ายไฮเปอร์
003996,201.3,5,โคโดโม,Kodomo,แก้วเปลี่ยนสี ดาบพิฆาตอสูร
209031,461.79,214,เปาวินวอช,Paowinwash,เปาวินวอช800ก.
209049,471.75,130,เปาวินวอช,Paowinwash,เปาวินวอชซอฟท์800ก.
001693,231.1,56,ของแถม,PREMIUM,กะละมังโปร 2025
001743,275.99,50,ของแถม,PREMIUM,กะละมังตรุษจีน 2026
035360,268.79,50,ของแถม,PREMIUM,ไลปอนเอฟ x-tra hygienic 500ml(premium)
025080,345.95,7,โคโดโม,Kodomo,กล่องข้าวลิตเติลสไมล์
213348,386.74,49,เปา,Pao bun jin,เปาซุปเปอร์ซอฟท์110ก.
213272,386.75,41,เปา,Pao bun jin,เปาซุปเปอร์ไวท์110ก.
213413,386.74,29,เปา,Pao bun jin,เปาซุปเปอร์คัลเลอร์110ก.
213215,492.48,29,เปา,Pao bun jin,เปาซุปเปอร์ไวท์4300ก.
213280,491.42,13,เปา,Pao bun jin,เปาซุปเปอร์ซอฟท์4300ก.
213355,492.99,5,เปา,Pao bun jin,เปาซุปเปอร์คัลเลอร์4300ก.
200899,501.5,40,โปร,Pro,โปรบลูพลัสถุงพิลโล่4500ก.
352013,436.9,20,โปร,Pro,โปรล้างจาน20ลิตร
204578,619.65,430,โปร,Pro,โปรบลูพลัส 20 กก.
204594,476.0,490,โปร,Pro,โปรไฮคลีนผงอเนกประสงค์ 20กก.
204602,476.0,56,โปร,Pro,เอ็มซีดีผงอเนกประสงค์ 20กก. (กปศ.)
204610,476.0,597,โปร,Pro,เอ็มซีดีผงอเนกประสงค์ 20กก.
351403,351.9,5,โปร,Pro,โปรล้างจานสูตรทรอปิคอลขวด750มล.
351023,351.9,27,โปร,Pro,โปรล้างจานขวด750มล.
351353,351.9,5,โปร,Pro,โปรล้างจานสูตรเบอร์รี่ขวด750มล.
203778,832.99,5,เปาซิลเวอร์นาโน,Pao Silver Nano,เปาซิลเวอร์นาโนเอ็กซ์เพิร์ทซอฟท์ซอง80ก.
232041,2354.06,33,เปา เจลแคป,Pao Gel Caps,เปาเจลแคปเฟรชฟลอรัล324ก.(กล่อง)
203000,832.99,8,เปาซิลเวอร์นาโน,Pao Silver Nano,เปาซิลเวอร์นาโนเอ็กซ์เพิร์ทซอง90ก.
214239,680.0,5,เปาเอ็มวอช,Pao M Wash,เปาเอ็มวอชซอฟท์ถุงใหม่7+1กก.
207324,680.0,36,เปาเอ็มวอช,Pao M Wash,เปาเอ็มวอชถุงใหม่9กก.
291104,523.6,100,ไลปอนเอฟ,Lipon-F,ไลปอนเอฟสูตรอนามัย20ลิตร
207316,378.25,114,เปาเอ็มวอช,Pao M Wash,เปาเอ็มวอชถังใหม่8กก.
238014,860.32,37,เปา ไมเซลลาร์ 4เอกซ์,Pao Micellar 4X,เปาไมเซลลาร์4เอกซ์(รีฟิล)360มล.
291054,501.49,164,ไลปอนเอฟ,Lipon-F,ไลปอนเอฟสูตรอนามัย750มล.ชนิดขวด
292037,501.49,8,ไลปอนเอฟ,Lipon-F,ไลปอนเอฟสูตรมะกรูด750มล.ชนิดขวด
299222,459.35,48,ไฟท์,Fight,ขจัดคราบไฟท์ 400มล (หัวทา)
260927,489.6,188,โคโดโม,Kodomo,โคโดโมแป้งเจนเทิลซอฟท์50ก.
260968,489.6,21,โคโดโม,Kodomo,โคโดโมแป้งเนเชอรัลซอฟท์โพรเทคชัน50ก.
260893,489.6,251,โคโดโม,Kodomo,โคโดโมแป้งเอ็กซ์ตร้ามายด์50ก.
268375,489.6,24,โคโดโม,Kodomo,โคโดโมแป้งออร์แกนิค50ก.
300061,802.4,24,ซอลล์,Salt,ซอลส์ยาสีฟันเฟรชแจเปนนิสมินต์40ก.
300004,802.4,19,ซอลล์,Salt,ซอลส์ยาสีฟันออริจินัลใหม่40ก.
313056,508.29,9,ซิสเท็มมา,Systema,ซิสเท็มมายาสีฟันแคร์แอนด์โพรเทคท์สปริงมินต์40ก.
313106,508.3,9,ซิสเท็มมา,Systema,ซิสเท็มมายาสีฟันแคร์แอนด์โพรเทคท์เชอร์รีบลอสซัม40ก
313155,508.3,5,ซิสเท็มมา,Systema,ซิสเท็มมายาสีฟันแคร์แอนด์โพรเทคท์แมีกซี่40ก.
313007,508.29,18,ซิสเท็มมา,Systema,ซิสเท็มมายาสีฟันแคร์แอนด์โพรเทคท์ไอซ์มินต์40ก.
200774,352.74,13,โปร,Pro,โปรบลูพลัส900ก.
213249,373.15,99,เปา,Pao bun jin,เปาซุปเปอร์ไวท์900ก.
213314,373.15,115,เปา,Pao bun jin,เปาซุปเปอร์ซอฟท์900ก.
213389,373.15,93,เปา,Pao bun jin,เปาซุปเปอร์คัลเลอร์900ก.
291518,564.45,5,ไลปอนเอฟ,Lipon-F,ไลปอนเอฟเอ็กซ์ตร้าไฮจีนิคขนาด 1700มล ขวดปั๊ม
351429,280.5,62,โปร,Pro,โปรล้างจานถุงเติม 1350 มล
351437,280.5,24,โปร,Pro,โปรล้างจานสูตรเบอร์รี่ถุงเติม 1350 มล
213223,467.5,5,เปา,Pao bun jin,เปาซุปเปอร์ไวท์2700ก.
213298,467.5,46,เปา,Pao bun jin,เปาซุปเปอร์ซอฟท์2700ก.
213363,467.5,91,เปา,Pao bun jin,เปาซุปเปอร์คัลเลอร์2700ก.
200204,428.4,5,โปร,Pro,โปรบลูโอเชี่ยน2700ก.
200287,428.4,75,โปร,Pro,โปรกรีนฟลอเรส2700ก.
210120,281.38,669,ซื่อสัตย์,SUE-SAT,ซื่อสัตย์ผงซักฟอก3000ก.(4)
208157,340.01,763,108shop,108shop,108shop (สีฟ้า) 3500ก.
291088,510.0,5,ไลปอนเอฟ,Lipon-F,ไลปอนเอฟสูตรอนามัย3600มล.
292045,510.0,7,ไลปอนเอฟ,Lipon-F,ไลปอนเอฟสูตรมะกรูด3600มล.
291617,510.0,154,ไลปอนเอฟ,Lipon-F,ไลปอนเอฟ สูตรอนามัย 3200มล
291625,510.0,7,ไลปอนเอฟ,Lipon-F,ไลปอนเอฟ สูตรมะกรูด 3200มล
292185,415.65,9,ไลปอนเอฟ,Lipon-F,ไลปอนเอฟเอ็กซ์ตร้าไฮจีนิคขนาด 3000มล
293878,510.0,96,ไลปอนเอฟ,Lipon-F,ไลปอน กลิ่นชามะนาว3600มล.
352138,306.8,427,โปร,Pro,โปรล้างจาน 3200มล.
352146,306.85,52,โปร,Pro,โปรล้างจานสูตรเบอร์รี่ 3200มล.
280032,428.4,5,โปร,Pro,โปรบลูพลัส2700ก.
280057,428.4,103,โปร,Pro,โปรไวท์รีเทิร์น2700ก.
352047,306.85,43,โปร,Pro,โปรล้างจานสูตรทรอปิคอล3600มล.
352039,306.83,13,โปร,Pro,โปรล้างจานสูตรเบอรืรี่3600มล.
352021,306.84,263,โปร,Pro,โปรล้างจาน3600มล.
208405,280.07,5065,108shop,108shop,108shop (สีชมพู) 3000ก.
207332,646.0,656,เปาเอ็มวอช,Pao M Wash,เปาเอ็มวอชถุงใหม่3กก.
214247,646.0,18,เปาเอ็มวอช,Pao M Wash,เปาเอ็มวอชซอฟท์ถุงใหม่3กก.
293480,510.0,22,ไลปอนเอฟ,Lipon-F,ไลปอนกลิ่นชามะนาว3600มล.
191007,1331.95,5,กู๊ดเอจ,GoodAge,กู๊ดเอจ ผ้าอ้อมผู้ใหญ่ แบบกางเกง (ไซส์L)
191015,1331.95,5,กู๊ดเอจ,GoodAge,กู๊ดเอจ ผ้าอ้อมผู้ใหญ่ แบบกางเกง (ไซส์XL)
235531,792.2,26,โคโดโม,Kodomo,โคโดโมซักผ้าเด็กออร์แกนิคโอลีฟออยล์2800มล.
118406,977.5,5,โคโดโม,Kodomo,โคโดโมชุดของขวัญกระเป๋า
342006,752.24,6,เดนเทอร์,Dentor,เดนเทอร์โปรคลีนแปรงสีฟัน
342014,1198.49,5,เดนเทอร์,Dentor,เดนเทอร์โปรคลีนแปรงสีฟันแพคคู่
292003,382.3,30,ไลปอนเอฟ,Lipon-F,ไลปอนเอฟสูตรมะกรูด150มล.ชนิดขวด
291013,382.49,319,ไลปอนเอฟ,Lipon-F,ไลปอนเอฟสูตรอนามัย150มล.ชนิดขวด
323196,1134.74,13,ซอลล์,Salt,ซอลส์แปรงสีฟันแอคทีฟกัมแคร์แพคเดี่ยว
323204,1990.69,26,ซอลล์,Salt,ซอลส์แปรงสีฟันแพคคู่
323345,1677.04,5,ซอลล์,Salt,ซอลส์แปรงสีฟันแบมบู
323402,1188.24,5,ซอลล์,Salt,ซอลส์แปรงสีฟัน XL แอดวานซ์ กัมแคร์
323469,1211.8,5,ซอลล์,Salt,ซอลส์แปรงสีฟัน ดีพคลีน กัมแคร์
323287,1580.9,5,ซอลล์,Salt,ซอลส์แปรงสีฟันกัมเอ็กซ์เปิร์ต
323121,1134.75,15,ซอลล์,Salt,ซอลส์แปรงสีฟันแพคเดี่ยว+ซอลส์เฟรช25ก.
326439,1968.59,9,ซิสเท็มมา,Systema,ซิสเท็มมาแปรงคอมแพคนุ่มพิเศษแพ็คเดี่ยว
326447,1968.6,5,ซิสเท็มมา,Systema,ซิสเท็มมาแปรงคอมแพคนุ่มมาตรฐานแพ็คเดี่ยว
326504,2386.8,5,ซิสเท็มมา,Systema,ซิสเท็มมาแปรงซุปเปอร์สไปรัลออริจินัลแพ็คเดี่ยว
326520,2531.3,5,ซิสเท็มมา,Systema,ซิสเท็มมาแปรงซุปเปอร์สไปรัลเอ็กซ์แอลแพ็คเดี่ยว
326546,2680.87,5,ซิสเท็มมา,Systema,ซิสเท็มมาแปรงซุปเปอร์สไปรัลชาร์โคลแพ็คเดี่ยว
326686,2073.98,5,ซิสเท็มมา,Systema,ซิสเท็มมาแปรงสลิมเทค แพ็คเดี่ยว
326652,2386.8,5,ซิสเท็มมา,Systema,ซิสเท็มมาแปรงแอนตี้แบค แพ็คเดี่ยว
320457,2073.99,5,ซิสเท็มมา,Systema,ซิสเท็มมาแปรงสีฟันซูเปอร์ทิน
326033,2386.8,66,ซิสเท็มมา,Systema,ซีสเท็มมาแปรงสีฟันแอนตี้แบด
320242,1399.95,53,ซิสเท็มมา,Systema,ซิสเท็มมาแปรงสีฟันคลาสสิกคลีน-เอ็ม
320580,2025.54,47,ซิสเท็มมา,Systema,ซิสเท็มมาแปรงสีฟันออรินุ่มพิเศษใหม่+ยาMAXICOOL25ก.
320135,1968.6,21,ซิสเท็มมา,Systema,ซิสเท็มมาแปรงสีฟันคอมเพค
320192,2113.1,5,ซิสเท็มมา,Systema,ซิสเท็มมาแปรงสีฟันXLรุ่นมาตรฐานถาด
320200,2531.3,5,ซิสเท็มมา,Systema,ซิสเท็มมาแปรงสีฟันซูเปอร์สไปรัลXL
320218,2386.8,5,ซิสเท็มมา,Systema,ซิสเท็มมาแปรงสีฟันซูเปอร์สไปรัลคอมแพค
320143,1968.59,5,ซิสเท็มมา,Systema,ซิสเท็มมาแปรงสีฟันคอมเพคนุ่มมาตรฐาน
320184,2113.09,8,ซิสเท็มมา,Systema,ซิสเท็มมาแปรงสีฟันXLรุ่นนุ่มถาด
268243,948.59,481,โคโดโม,Kodomo,โคโดโมแป้งเอ็กซ์ตร้ามายด์160ก.
268250,948.59,468,โคโดโม,Kodomo,โคโดโมแป้งเจนเทิลซอฟท์160ก.
268268,948.59,53,โคโดโม,Kodomo,โคโดโมแป้งเนเชอรัลซอฟท์โพรเทคชั่น160ก.
268383,948.59,30,โคโดโม,Kodomo,โคโดโมแป้งออร์แกนิค160ก.
325654,1067.6,5,โคโดโม,Kodomo,โคโดโมแปรงสีฟันซอฟต์แอนด์สลิม0.5-3ปีV1
325639,1067.6,5,โคโดโม,Kodomo,โคโดโมแปรงสีฟันซอฟท์_สลิมด้ามจุ๊ป6-12ปี
325613,1067.6,5,โคโดโม,Kodomo,โคโดโมแปรงสีฟันซอฟต์แอนด์สลิม1.5-3ปีด้ามจับ
325621,1067.6,5,โคโดโม,Kodomo,โคโดโมแปรงสีฟันซอฟท์_สลิมด้ามจุ๊ป3-6ปีV1
324772,819.4,12,โคโดโม,Kodomo,โคโดโมแปรงสีฟันโปรเฟสชั่นแนล0.5-3ปี ดีไซน์ใหม่
324780,819.4,13,โคโดโม,Kodomo,โคโดโมแปรงสีฟันโปรเฟสชั่นแนล3-6ปี ดีไซน์ใหม่
324798,819.4,5,โคโดโม,Kodomo,โคโดโมแปรงสีฟันโปรเฟสชั่นแนล6-9ปี ดีไซน์ใหม่
324806,819.4,5,โคโดโม,Kodomo,โคโดโมแปรงสีฟันโปรเฟสชั่นแนล9-12ปี ดีไซน์ใหม่
324830,819.4,8,โคโดโม,Kodomo,โคโดโมแปรงโปรเฟสชั่นแนล3-6ปี(ใหม่)+ยาสีฟัน15ก.
324848,819.4,10,โคโดโม,Kodomo,โคโดโมแปรงโปรเฟสชั่นแนล6-9ปี(ใหม่)+ยาสีฟัน15ก.
324855,819.4,5,โคโดโม,Kodomo,โคโดโมแปรงโปรเฟสชั่นแนล9-12ปี(ใหม่)+ยาสีฟัน15ก.
324822,819.39,6,โคโดโม,Kodomo,โคโดโมแปรงโปรเฟสชั่นแนล0.5-3ปี(ใหม่)+ยาสีฟัน15ก.
203984,595.0,5,เปาซิลเวอร์นาโน,Pao Silver Nano,เปาซิลเวอร์นาโนเอ็กซ์เพิร์ท1700ก.
281006,595.0,5,เปาซิลเวอร์นาโน,Pao Silver Nano,เปาซิลเวอร์นาโนเอ็กซ์เพิร์ทฝาหน้า1700ก.
281022,595.0,5,เปาซิลเวอร์นาโน,Pao Silver Nano,เปาซิลเวอร์นาโนเอ็กซ์เพิร์ทซอฟท์1700ก.
132845,739.5,26,โชกุบุซึ,Chogubuze,โชกุบุสซึครีมอาบน้ำผิวนุ่ม500แพ็คคู่สุดคุ้มขวดปั๊ม
132852,739.5,10,โชกุบุซึ,Chogubuze,โชกุบุสซึครีมอาบน้ำผิวใส500 แพ็คคู่สุดคุ้มขวดปั๊ม
132860,739.5,5,โชกุบุซึ,Chogubuze,โชกุบุสซึครีมอาบน้ำผิวขาว500 แพ็คคู่สุดคุ้มขวดปั๊ม
133538,739.5,10,โชกุบุซึ,Chogubuze,โชกุบุสซึครีมอาบน้ำผิวขาว400แพ็คคู่สุดคุ้มขวดปั๊ม
332106,508.3,8,เดอปารี,De Paris,เดอปารีปรับผ้านุ่มเข้มข้นกลิ่นบลูพาราไดซ์1120มล.
332098,508.3,5,เดอปารี,De Paris,เดอปารีปรับผ้านุ่มสูตรเข้มข้นกลิ่นบลูมมิ่ง1120มล.
313825,508.3,21,ซิสเท็มมา,Systema,ซิสเท็มมายาสีฟันอัลตร้าแคร์โพเทคไอซี่40ก.P12+3
313833,508.3,51,ซิสเท็มมา,Systema,ซิสเท็มมายาสีฟันอัลตร้าแคร์โพเทคสปริง40ก.P12+3
313841,508.3,41,ซิสเท็มมา,Systema,ซิสเท็มมายาสีฟันอัลตร้าแคร์โพเทคเชอร์รี่40ก.P12+3
332080,508.3,8,เดอปารี,De Paris,เดอปารี ปรับผ้านุ่มสูตรเข้มข้น  กลิ่นจอย1120มล.
210179,262.4,87,ซื่อสัตย์,SUE-SAT,ซื่อสัตย์ผงซักฟอก1800ก.(6)
208389,400.84,11857,108shop,108shop,108shop (สีฟ้า) 2600ก.
332114,508.0,7,เดอปารี,De Paris,เดอปารีปรับผ้านุ่มเข้มข้นมูนไลท์ฮาร์โมนี่1120มล.
167122,697.0,13,คิเรอิ,Kirei,ครีมอาบน้ำคิเรอิ คลีนแอนด์โพรเทค 500มล ปั้มแพคคู่
167130,697.0,11,คิเรอิ,Kirei,ครีมอาบน้ำคิเรอิ นูริชแอนด์แคร์ 500มล ปั้มแพคคู่
167148,696.35,13,คิเรอิ,Kirei,ครีมอาบน้ำคิเรอิ เฮลตี้ไวท์ 500มล ปั้มแพคคู่
279091,1453.5,104,กู๊ดเอจ,GoodAge,กู๊ดเอจดีพมอยส์เจอร์แอนตี้เอจจิ้งโลชั่น400มล.(1+1)
279109,1453.5,71,กู๊ดเอจ,GoodAge,กู๊ดเอจโลชั่นลดเลือนจุดด่างดำ400มล.(1+1)
162982,452.2,18,คิเรอิ,Kirei,คิเรอิโฟมล้างมือออริจินัลถุง450แพ็กคู่สุดคุ้ม
162990,452.2,5,คิเรอิ,Kirei,คิเรอิโฟมล้างมือพีชถุง450แพ็กคู่สุดคุ้ม
280040,398.65,5,โปร,Pro,โปรบลูพลัส1800ก.
280198,428.4,686,โปร,Pro,โปร สวีทฟลอรัล 2500กรัม
280206,428.4,377,โปร,Pro,โปร กรีน ฟอเรสต์ 2500กรัม
280214,428.4,351,โปร,Pro,โปร บลู โอเชี่ยน 2500กรัม
280297,398.64,58,โปร,Pro,โปรสวีท ฟลอรัล 1700 กรัม
280305,398.65,39,โปร,Pro,โปร กรีนฟอเรสต์ 1700 กรัม
280313,398.65,18,โปร,Pro,โปร บลูโอเชี่ยน 1700 กรัม
280321,398.65,46,โปร,Pro,โปร บลูพลัส 1700 กรัม
200212,398.65,38,โปร,Pro,โปรบลูโอเชียน1800ก.
200295,398.64,48,โปร,Pro,โปรกรีนฟลอเรส1800ก.
213595,467.14,39,เปา,Pao bun jin,เปาซุปเปอร์ เพอร์ฟูม 2400กรัม
213231,559.29,13,เปา,Pao bun jin,เปาซุปเปอร์ไวท์1800ก.
213306,559.29,14,เปา,Pao bun jin,เปาซุปเปอร์ซอฟท์1800ก.
213371,559.3,15,เปา,Pao bun jin,เปาซุปเปอร์คัลเลอร์1800ก.
213645,467.49,298,เปา,Pao bun jin,เปาซุปเปอร์ไวท์ 2500 กรัม
213652,433.91,272,เปา,Pao bun jin,เปาซุปเปอร์ซอฟท์ 2500 กรัม
213660,467.49,214,เปา,Pao bun jin,เปาซุปเปอร์ คัลเลอร์ 2500 กรัม
375063,679.03,5,โคโดโม,Kodomo,โคโดโม เฮดทูโท คิดส์ ซีเครท เลิฟ 800มล
375071,679.15,5,โคโดโม,Kodomo,โคโดโม เฮดทูโท คิดส์ บลู อควา 800มล
375006,679.15,71,โคโดโม,Kodomo,โคโดโมเฮดทูโท มายด์ออริจินอล แคร์แบร์ 800+800มล
375014,679.15,55,โคโดโม,Kodomo,โคโดโมเฮดทูโท พิงค์ฮานาบากิ แคร์แบร์ 800+800มล
375022,679.15,19,โคโดโม,Kodomo,โคโดโมเฮดทูโท โอลีฟออยล์ แคร์แบร์ 720+720มล
235598,767.55,36,โคโดโม,Kodomo,โคโดโมซักผ้าเด็กนิวบอร์นสูตรลดกลิ่นอับ1300มล.
235556,767.55,36,โคโดโม,Kodomo,โคโดโมซักผ้าเด็กออร์แกนิคโอลีฟออยล์1300มล.
268094,489.6,34,โคโดโม,Kodomo,โคโดโมแป้งเอ็กซ์ตร้ามายด์50ก.P12+2
268409,489.6,5,โคโดโม,Kodomo,โคโดโมแป้งออร์แกนิค 50ก P12+2
268102,489.6,51,โคโดโม,Kodomo,โคโดโมแป้งเจนเทิลซอฟท์50ก.P12+2
209072,480.32,5,เปาวินวอช,Paowinwash,เปาวินวอช1700ก.
209080,501.49,5,เปาวินวอช,Paowinwash,เปาวินวอชซอฟท์1700ก.
209098,501.5,5,เปาวินวอช,Paowinwash,เปาวินวอชไวโอเล็ต1700ก.
211441,494.34,6,เปาวินวอช,Paowinwash,เปาวินวอชลิควิด600มล.แพ็คคู่สุดคุ้ม
211458,494.69,5,เปาวินวอช,Paowinwash,เปาวินวอชลิควิดบลูแอคทีฟเฟรช600มล.แพ็คคู่สุดคุ้ม
211573,498.94,5,เปาวินวอช,Paowinwash,เปาวินวอชลิควิดพิ้งค์ซอฟท์600มล.แพ็คคู่สุดคุ้ม
211581,498.95,5,เปาวินวอช,Paowinwash,เปาวินวอชลิควิดเรดบลอสซั่ม600มล.แพ็คคู่สุดคุ้ม
211789,687.64,476,เปาวินวอช,Paowinwash,เปา วินวอช ลิควิด 1300 มล.
211797,687.64,254,เปาวินวอช,Paowinwash,เปา วินวอช ลิควิด พิ้งซอฟท์1300 มล.
211805,680.35,326,เปาวินวอช,Paowinwash,เปา วินวอช ลิควิด เซ็นชวล ไวโอเล็ต1300 มล.
211813,687.64,247,เปาวินวอช,Paowinwash,เปา วินวอช ลิควิด บลูแอคทีฟเฟรช1300 มล.
211482,687.63,167,เปาวินวอช,Paowinwash,เปาวินวอชลิควิดเซ็นชวลไวโอเล็ต1500มล.
211466,654.97,353,เปาวินวอช,Paowinwash,เปาวินวอชลิควิด1500มล.
211474,647.11,239,เปาวินวอช,Paowinwash,เปาวินวอชลิควิดพิ้งค์ซอฟท์1500มล.
211490,687.64,292,เปาวินวอช,Paowinwash,เปาวินวอชลิควิดบลูแอคทีฟเฟรช1400มล.
318808,1869.98,5,ซอลล์,Salt,ซอลส์ยาสีฟันตรีผลา160ก.
300301,1609.05,19,ซอลล์,Salt,ซอลส์ยาสีฟันออริจินัล140ก.
300350,1609.05,21,ซอลล์,Salt,ซอลส์ยาสีฟันเฟรชแจเปนนิสมินต์140ก.
300467,1609.05,11,ซอลล์,Salt,ซอลส์ยาสีฟันเฮอร์เบิลพิงค์ซอลท์140ก.
318790,1053.99,6,ซอลล์,Salt,ซอลส์ยาสีฟันตรีผลา90ก.
300343,857.64,73,ซอลล์,Salt,ซอลส์ยาสีฟันเฟรชแจเปนนิสมินต์80ก.
300293,857.65,48,ซอลล์,Salt,ซอลส์ยาสีฟันออริจินัล80ก.
300459,857.65,27,ซอลล์,Salt,ซอลส์ยาสีฟันเฮอร์เบิลพิงค์ซอลท์80ก.
300269,1258.0,5,ซอลล์,Salt,ซอลส์ยาสีฟันคิงเฮิร์บ40ก.
300509,1609.05,89,ซอลล์,Salt,ซอลส์ยาสีฟันออริจินัล140ก.+ซอลส์แปรงActive
300517,1609.05,90,ซอลล์,Salt,ซอลส์ยาสีฟันเฟรชแจเปนนิสมินต์140ก.+ซอลส์แปรงActive
323337,1577.59,5,ซอลล์,Salt,ซอลส์แปรงสีฟันเฟรชทูโก
323220,1275.0,106,ซอลล์,Salt,ซอลส์แปรงสีฟันชุดเดนทัล
326579,1813.05,5,ซิสเท็มมา,Systema,ซิสเท็มมาแปรงโอดี เอส แพ็คเดี่ยว
326561,1813.05,5,ซิสเท็มมา,Systema,ซิสเท็มมาแปรงโอดี เอ็ม เเพ็คเดี่ยว
320747,1813.05,41,ซิสเท็มมา,Systema,ซิสเท็มมาแปรงสีฟันโอดี-เอสแถมยาสีฟัน
313650,1183.2,44,ซิสเท็มมา,Systema,ซิสเท็มมายาสีฟันแคร์แอนด์โพรเทคไอซีมินต์140ก.
313809,1183.2,18,ซิสเท็มมา,Systema,ซิสเท็มมายาสีฟันแคร์แอนด์โพรเทคแม็กซี่140ก.P4
313692,632.39,148,ซิสเท็มมา,Systema,ซิสเท็มมายาสีฟันแคร์แอนด์โพรเทคสปริงมินต์80ก.
313700,1183.19,32,ซิสเท็มมา,Systema,ซิสเท็มมายาสีฟันแคร์แอนด์โพรเทคสปริงมินต์140ก.
313783,632.4,41,ซิสเท็มมา,Systema,ซิสเท็มมายาสีฟันแคร์แอนด์โพรเทคแม็กซี่80ก.
313643,632.4,198,ซิสเท็มมา,Systema,ซิสเท็มมายาสีฟันแคร์แอนด์โพรเทคไอซีมินต์80ก.
313734,632.39,72,ซิสเท็มมา,Systema,ซิสเท็มมายาสีฟันแคร์แอนด์โพรเทคเชอร์รี่80ก.
313742,1183.19,39,ซิสเท็มมา,Systema,ซิสเท็มมายาสีฟันแคร์แอนด์โพรเทคเชอร์รี่140ก.
317115,634.95,75,โคโดโม,Kodomo,โคโดโมยาสีฟันครีมองุ่น(1000ppm)40ก.
311282,634.95,48,โคโดโม,Kodomo,โคโดโมยาสีฟันเจลสตรอเบอร์รี่(1000ppm)40ก.
311290,634.94,25,โคโดโม,Kodomo,โคโดโมยาสีฟันเจลส้ม(1000ppm)40ก.
311308,634.94,41,โคโดโม,Kodomo,โคโดโมยาสีฟันเจลบับเบิ้ลฟรุ๊ต(1000ppm)40ก.
317081,634.94,359,โคโดโม,Kodomo,โคโดโมยาสีฟันครีมส้ม(1000ppm)40ก.
305029,836.8,5,โคโดโม,Kodomo,โคโดโม ยาสีฟันออร์แกนิค เจนเทิล สตรอเบอร์รี่ 40 ก
317073,633.45,211,โคโดโม,Kodomo,โคโดโมยาสีฟันครีมสตรอเบอร์รี่(1000ppm)40ก.
305003,834.3,6,โคโดโม,Kodomo,โคโดโมยาสีฟันซุปเปอร์การ์ดสตรอเบอร์รี่ดาบพิฆาต65ก.
305011,866.98,6,โคโดโม,Kodomo,โคโดโมยาสีฟันซุปเปอร์การ์ดฟรุ๊ตตี้ดาบพิฆาต 65ก.
317099,815.94,75,โคโดโม,Kodomo,โคโดโมยาสีฟันครีมสตรอเบอร์รี่65ก.
317107,818.96,83,โคโดโม,Kodomo,โคโดโมยาสีฟันครีมส้ม65ก.
317123,820.08,59,โคโดโม,Kodomo,โคโดโมยาสีฟันครีมองุ่น65ก.
333401,211.99,371,ไฮคลาส,Hiclass,ไฮคลาสปรับผ้านุ่มฮานาบูเกต์450มล.แพ็ก3
333427,245.92,295,ไฮคลาส,Hiclass,ไฮคลาสปรับผ้านุ่มฮานาโรเซ่450มล.แพ็ก3
333443,234.06,68,ไฮคลาส,Hiclass,ไฮคลาสปรับผ้านุ่มฮานาไชน์เน่450มล.แพ็ก3
293860,364.65,22,ไลปอนเอฟ,Lipon-F,ไลปอนกลิ่นชามะนาว300มล.ชนิดเติม แพ็ก3ถุง
292151,457.29,17,ไลปอนเอฟ,Lipon-F,ไลปอนเอฟเอ็กซ์ตร้าไฮจีนิคขนาด300มล.ชนิดเติม(แพ็ก3)
314336,1544.83,24,แซค,Zact,แซคท์ยาสีฟันแดงใหม่160ก.
314351,1545.3,8,แซค,Zact,แซคท์ยาสีฟันเขียวใหม่160ก.
314328,979.2,11,แซค,Zact,แซคท์ยาสีฟันแดงใหม่90ก.
213587,488.74,24,เปา,Pao bun jin,เปาซุปเปอร์ซอฟท์ 250 ก.
213561,488.74,20,เปา,Pao bun jin,เปาซุปเปอร์ไวท์ 250 ก.
213579,488.74,15,เปา,Pao bun jin,เปาซุปเปอร์คัลเลอร์ 250 ก.
208231,301.26,97,108shop,108shop,108Shop (สีชมพู) 300ก.
351346,264.34,87,โปร,Pro,โปรล้างจานพลังเข้มข้นสูตรมะนาวถุงเติม400มล.
351387,264.34,98,โปร,Pro,โปรล้างจานสูตรทรอปิคอลถุงเติม400มล.เดี่ยว
351395,264.35,90,โปร,Pro,โปรล้างจานสูตรทรอปิคอลถุงเติม400มล.P3
351361,258.97,175,โปร,Pro,โปรล้างจานสูตรเบอร์รี่ถุงเติม400มล.P3
351379,264.34,84,โปร,Pro,โปรล้างจานสูตรเบอร์รี่ถุงเติม400มล.เดี่ยว
111294,892.49,20,ฟลอเร่,Flore,ฟลอเร่สบู่ขมิ้น80ก.
111302,892.49,33,ฟลอเร่,Flore,ฟลอเร่สบู่ว่านหางจระเข้80ก.
111310,892.49,30,ฟลอเร่,Flore,ฟลอเร่สบู่น้ำมันมะกอก80ก.
111336,892.33,9,ฟลอเร่,Flore,ฟลอเร่สบู่แก่นจันทน์80ก.
208363,301.25,879,108shop,108shop,108shop (สีฟ้า) 300ก.
333385,254.54,432,ไฮคลาส,Hiclass,ไฮคลาสปรับผ้านุ่มฮานาพิ้งค์เก้450มล.แพ็ก3
339077,254.99,21,โปร,Pro,โปรปรับผ้านุ่ม เนเชอรัล เฟรช 450มล
333377,255.0,695,ไฮคลาส,Hiclass,ไฮคลาสปรับผ้านุ่มฮานาพิ้งค์เก้450มล.
333393,255.0,794,ไฮคลาส,Hiclass,ไฮคลาสปรับผ้านุ่มฮานาบูเกต์450มล.
333419,255.0,666,ไฮคลาส,Hiclass,ไฮคลาสปรับผ้านุ่มฮานาโรเซ่450มล.
333435,255.0,89,ไฮคลาส,Hiclass,ไฮคลาสปรับผ้านุ่มฮานาไชน์เน่450มล.
339069,255.0,23,โปร,Pro,โปรปรับผ้านุ่ม การ์เด้น สวีท 450มล.
339085,255.0,20,โปร,Pro,โปรปรับผ้านุ่ม ฟอเรสต์ อโรม่า 450มล.
139261,484.49,7,โชกุบุซึ,Chogubuze,โชกุบุสซึครีมอาบน้ำผิวใสชิ้งค์100มล.
139246,484.1,38,โชกุบุซึ,Chogubuze,โชกุบุสซึครีมอาบน้ำผิวนุ่มชิ้งค์100มล.
323295,1942.19,5,ซอลล์,Salt,ซอลส์แปรงสีฟันกัมเอ็กซ์เปิร์ตP3
323352,2016.19,5,ซอลล์,Salt,ซอลส์แปรงสีฟันแบมบูP3
323436,1441.6,116,ซอลล์,Salt,ซอลส์แปรงสีฟัน XL แอดวานซ์กัมแคร์ แพค3
323212,1410.99,6,ซอลล์,Salt,ซอลส์แปรงสีฟันP3
323279,1411.0,18,ซอลล์,Salt,ซอลส์แปรงสีฟันP3+1
300376,1815.6,29,ซอลล์,Salt,ซอลส์ยาสีฟันเฟรชแจเปนนิสมินต์140ก.แพคคู่
300327,1815.6,24,ซอลล์,Salt,ซอลส์ยาสีฟันออริจินัล140ก.แพคคู่
300434,1815.6,5,ซอลล์,Salt,ซอลส์ยาสีฟันเฮอร์เบิลแบมบูรีลีฟ140ก.Pคู่
300483,1815.6,5,ซอลล์,Salt,ซอลส์ยาสีฟันเฮอร์เบิลพิงค์ซอลท์140ก.แพคคู่
300335,1815.6,17,ซอลล์,Salt,ซอลส์ยาสีฟันออริจินัล140ก.แพคคู่+1หลอด
300277,1309.73,5,ซอลล์,Salt,ซอลส์ยาสีฟันคิงเฮิร์บ80ก.
300624,2069.02,59,ซอลล์,Salt,ซอลส์ ออริจินัล 140กรัม แพ็ค3ชิ้น
300632,2266.1,72,ซอลล์,Salt,ซอลส์ เฟรช 140กรัม แพ็ค3ชิ้น
300640,2266.09,24,ซอลล์,Salt,ซอลส์ เฮอร์เบิล พิงค์ ซอลท์ 140กรัม แพ็ค3ชิ้น
300707,2174.83,5,ซอลล์,Salt,ซอลส์ยาสีฟันโปรไวท์ อโรมาติก ที 80กรัม
300715,2206.36,5,ซอลล์,Salt,ซอลส์ยาสีฟันโปรไวท์ กลาเซียร์ มินต์ 80กรัม
318600,2337.49,103,ซอลล์,Salt,ซอลส์ยาสีฟันอินเท็นซีฟกัมแคร์160ก.แพคคู่
318576,2180.25,5,ซอลล์,Salt,ซอลส์ยาสีฟันแลคเตดเสียวฟัน160ก.
333328,255.0,22,ไฮคลาส,Hiclass,ไฮคลาสปรับผ้านุ่มซีเคร็ตโรแมนซ์500มล.แพ็ก3
333344,255.0,15,ไฮคลาส,Hiclass,ไฮคลาสปรับผ้านุ่มเรดแพชชั่น500มล.แพ็ก3
333369,255.0,14,ไฮคลาส,Hiclass,ไฮคลาสปรับผ้านุ่มเนเจอร์เฮฟเว่น500มล.แพ็ก3
333302,255.0,19,ไฮคลาส,Hiclass,ไฮคลาสปรับผ้านุ่มสวีทบลอสซั่ม500มล.แพ็ก3
333310,255.0,11,ไฮคลาส,Hiclass,ไฮคลาสปรับผ้านุ่มซีเคร็ตโรแมนซ์500มล.
333336,255.0,5,ไฮคลาส,Hiclass,ไฮคลาสปรับผ้านุ่มเรดแพชชั่น500มล.
333294,254.88,5,ไฮคลาส,Hiclass,ไฮคลาสปรับผ้านุ่มสวีทบลอสซั่ม500มล.
333351,254.99,7,ไฮคลาส,Hiclass,ไฮคลาสปรับผ้านุ่มเนเจอร์เฮฟเว่น500มล.
290841,523.57,5,ไลปอนเอฟ,Lipon-F,ไลปอนเอฟเจแปนนีสพีช500มล.
291005,523.6,5,ไลปอนเอฟ,Lipon-F,ไลปอนเอฟเจแปนนิสพีชชนิดถุงเติม500มล.P3
293472,352.74,5,ไลปอนเอฟ,Lipon-F,ไลปอนกลิ่นชามะนาวถุงเติม500มล.P3
291658,523.6,34,ไลปอนเอฟ,Lipon-F,ไลปอนเอฟ สูตรอนามัย 500มล. ชนิดถุงเติม
291666,521.04,120,ไลปอนเอฟ,Lipon-F,ไลปอนเอฟ สูตรอนามัย 500มล. ชนิดถุงเติม(แพ็ก3)
291674,523.59,7,ไลปอนเอฟ,Lipon-F,ไลปอนเอฟเจแปนนีส พีช 450มล. ชนิดถุงเติม
291682,523.6,5,ไลปอนเอฟ,Lipon-F,ไลปอนเอฟเจแปนนีส พีช 450มล. ชนิดถุงเติม(แพ็ก3)
291690,523.6,5,ไลปอนเอฟ,Lipon-F,ไลปอนเอฟเจแปนนีส ยูซุ 450มล. ชนิดถุงเติม
293951,352.74,138,ไลปอนเอฟ,Lipon-F,ไลปอนกลิ่นชามะนาว 450มล. ชนิดถุงเติม (แถบคาด)
293969,352.75,135,ไลปอนเอฟ,Lipon-F,ไลปอนกลิ่นชามะนาว 450มล. ถุงเติม แพ็ก3 (แถบคาด)
162347,593.29,194,คิเรอิ,Kirei,คิเรอิโฟมล้างมือลาเวนเดอร์ถุงเติม200มล.
162321,524.67,144,คิเรอิ,Kirei,คิเรอิโฟมล้างมือเบอร์รีถุงเติม200มล.
162461,586.81,201,คิเรอิ,Kirei,คิเรอิโฟมล้างมือพีชถุงเติม200มล
162487,593.28,197,คิเรอิ,Kirei,คิเรอิโฟมล้างมือเกรปถุงเติม200มล
162446,593.29,202,คิเรอิ,Kirei,คิเรอิโฟมล้างมือออริจินัลถุงเติม200มล
132134,918.0,27,โชกุบุซึ,Chogubuze,โชกุบุสซึครีมอาบน้ำเจแปนนิสคาเมลเลียขวด200มล.
139345,918.0,27,โชกุบุซึ,Chogubuze,โชกุบุสซึครีมอาบน้ำผิวขาวขวดชิ้งค์200มล.
139352,918.0,15,โชกุบุซึ,Chogubuze,โชกุบุสซึครีมอาบน้ำผิวใสขวดชิ้งค์200มล.
139360,918.0,23,โชกุบุซึ,Chogubuze,โชกุบุสซึครีมอาบน้ำชุ่มชื่นเป็นพิเศษขวด200มล.
213322,394.46,80,เปา,Pao bun jin,เปาซุปเปอร์ซอฟท์400ก.
213397,399.49,31,เปา,Pao bun jin,เปาซุปเปอร์คัลเลอร์400ก.
213256,399.49,47,เปา,Pao bun jin,เปาซุปเปอร์ไวท์400ก.
240739,703.8,5,ลุค,Look,ลุคห้องน้ำ ถุงเติม400มล.ใหม่
292011,396.95,25,ไลปอนเอฟ,Lipon-F,ไลปอนเอฟสูตรมะกรูด500มล.ชนิดขวด
292169,523.6,85,ไลปอนเอฟ,Lipon-F,ไลปอนเอฟเอ็กซ์ตร้าไฮจีนิคขนาด500มล.ถุงเติม(แพ็ก3)
291021,396.95,134,ไลปอนเอฟ,Lipon-F,ไลปอนเอฟสูตรอนามัย500มล.ชนิดขวด
292029,523.59,66,ไลปอนเอฟ,Lipon-F,ไลปอนเอฟสูตรมะกรูด500มล.ถุงเติมP3
292060,523.59,24,ไลปอนเอฟ,Lipon-F,ไลปอนเอฟสูตรมะกรูด500มล.(ถุงเดี่ยว)
291294,523.59,100,ไลปอนเอฟ,Lipon-F,ไลปอนเอฟเจแปนนีสยูซุ ชนิดถุงเติม500มล.
293811,352.74,5,ไลปอนเอฟ,Lipon-F,ไลปอนกลิ่นชามะนาว500มล.ชนิดเติม(รุ่นถุงเดี่ยว)
293829,352.75,274,ไลปอนเอฟ,Lipon-F,ไลปอนกลิ่นชามะนาว500มล.ชนิดเติม(รุ่นแพ็ค3)
291369,506.83,66,ไลปอนเอฟ,Lipon-F,ไลปอนเอฟเจแปนนิสยูซุชนิดถุงเติม500มล.(แพค3)
162727,1202.74,23,คิเรอิ,Kirei,คิเรอิโฟมล้างมือออริจินอลขวด250+ถุงเติม200มล.
200634,510.0,262,โปร,Pro,โปรบลูพลัส(แดง)450ก.
200667,510.0,28,โปร,Pro,โปรไวท์รีเทิร์น(เขียว)450ก.
327130,2184.49,5,กู๊ดเอจ,GoodAge,กู๊ดเอจแปรงสีฟันทริปเปิ้ลล๊อคไวด์เฮด(แพค3)
279034,1461.99,69,กู๊ดเอจ,GoodAge,กู๊ดเอจโลชั่นลดเลือนจุดด่างดำ100มล.
312017,1215.5,5,กู๊ดเอจ,GoodAge,กู๊ดเอจยาสีฟันเซนซิทีฟชีลด์90ก.
312009,892.5,5,กู๊ดเอจ,GoodAge,กู๊ดเอจยาสีฟันไฮเปอร์ซอลท์90ก.
395004,1053.99,68,กู๊ดเอจ,GoodAge,กู๊ดเอจน้ำยาบ้วนปากไมลด์แอนด์เจนเทิล250มล.
162438,1202.53,55,คิเรอิ,Kirei,คิเรอิโฟมล้างมือออริจินัลขวด250มล
162511,549.1,5,คิเรอิ,Kirei,คิเรอิเจลล้างมือ70เปอร์เซ็นต์50มล.
291120,747.14,10,ไลปอนเอฟ,Lipon-F,ไลปอนเอฟเจแปนนีสพีช475มล.ชนิดขวด
291047,523.59,5,ไลปอนเอฟ,Lipon-F,ไลปอนเอฟสูตรอนามัย550มล.ชนิดถุงเติมP3
291039,523.59,5,ไลปอนเอฟ,Lipon-F,ไลปอนเอฟสูตรอนามัย550มล.ชนิดถุงเติม(ถุงเดี่ยว)
291286,747.14,13,ไลปอนเอฟ,Lipon-F,ไลปอนเอฟเจแปนนีสยูซุ ชนิดขวด475มล.
292144,487.89,5,ไลปอนเอฟ,Lipon-F,ไลปอนเอฟเอ็กซ์ตร้าไฮจีนิคขนาด485มล.
370528,1445.0,112,คิวลีน,Qlean,คิวลีนสูตรลดผมร่วง300มล.ถุงเติม
221713,420.74,5,คิวลีน,Qlean,คิวลีนสูตรเย็น70มล.
370486,420.74,5,คิวลีน,Qlean,คิวลีนแชมพูสูตรลดผมร่วง70มล.
373415,420.74,5,คิวลีน,Qlean,คิวลีนแชมพูสูตรผมนุ่มลื่น70มล.
210161,385.2,135,ซื่อสัตย์,SUE-SAT,ซื่อสัตย์ผงซักฟอก700ก.(24)
141143,1444.99,76,โชกุบุซึ,Chogubuze,โชกุบุสซึสบู่เหลวอนามัยพรีไบโอติกสูตรอ่อนโยน150ml
141150,1441.99,65,โชกุบุซึ,Chogubuze,โชกุบุสซึสบู่เหลวอนามัยพรีไบโอติกสูตรสดชื่น150ml
133298,484.49,5,โชกุบุซึ,Chogubuze,โชกุบุสซึ ฟรุ๊ตตี้เฟรชไบรท์เทนนิ่งเฟรชโพรเทค100มล.
133306,484.49,5,โชกุบุซึ,Chogubuze,โชกุบุสซึ ฟรุ๊ตตี้เฟรชเฮลตี้พลัสโพรเทค100มล.
141184,900.15,5,โชกุบุซึ,Chogubuze,โชกุบุสซึสบุ่เหลวอนามัยพรีไบโอติก สูตรอ่อนโยน 60ml
141192,900.15,5,โชกุบุซึ,Chogubuze,โชกุบุสซึสบุ่เหลวอนามัยพรีไบโอติก สูตรสดชื่น 60ml
718999,1198.5,26,โชกุบุซึ,Chogubuze,โชกุบุสซึโฟมล้างหน้า น้ำนมฮอกไกโด ซากุระ 100กรัม
718353,1854.7,5,โชกุบุซึ,Chogubuze,โชกุบุสซึโฟมสูตรเดลี่ดีท็อกซ์แอนด์ไบรท์เทนนิ่ง100ก
718361,1854.69,6,โชกุบุซึ,Chogubuze,โชกุบุสซึโฟมสูตรเดลี่ดีท็อกซ์แอนด์แอนตี้แอคเน่100ก
718379,1854.7,5,โชกุบุซึ,Chogubuze,โชกุบุสซึโฟมสูตรเดลี่ดีท็อกซ์แอนด์พอร์เลส100ก.
326298,2337.5,9,ซิสเท็มมา,Systema,ซิสเท็มมาแปรงออรินุ่มพิเศษ แพ็ค3
326306,2070.92,13,ซิสเท็มมา,Systema,ซิสเท็มมาแปรงออรินุ่มมาตรฐาน แพ็ค3
326397,2631.2,18,ซิสเท็มมา,Systema,ซิสเท็มมาแปรงเอ็กซ์แอลนุ่มพิเศษ แพ็ค3
326405,2770.99,5,ซิสเท็มมา,Systema,ซิสเท็มมาแปรงเอ็กซ์แอลนุ่มมาตรฐาน แพ็ค3
326512,3001.35,5,ซิสเท็มมา,Systema,ซิสเท็มมาแปรงซุปเปอร์สไปรัลออริจินัล แพ็ค3
326553,2491.67,5,ซิสเท็มมา,Systema,ซิสเท็มมาแปรงซุปเปอร์สไปรัลชาร์โคล แพ็ค3
320762,2729.41,5,ซิสเท็มมา,Systema,ซิสเท็มมาแปรงสีฟันXLมาตรฐานP3
320770,2771.0,57,ซิสเท็มมา,Systema,ซิสเท็มมาแปรงสีฟันXLพิเศษP3
320432,2487.95,75,ซิสเท็มมา,Systema,ซิสเท็มมาแปรงสีฟันจัดฟันโอดี-เอ็มP3
320440,2487.94,84,ซิสเท็มมา,Systema,ซิสเท็มมาแปรงสีฟันจัดฟันโอดี-เอสP3
326181,2771.0,35,ซิสเท็มมา,Systema,ซิสเท็มมาแปรงสีฟันสลิมเทค แพ็ค3
326421,2771.0,51,ซิสเท็มมา,Systema,ซิสเท็มมาแปรงเอ็กซ์แอลนุ่มมาตรฐาน แพ็ค3+1
326314,2210.71,104,ซิสเท็มมา,Systema,ซิสเท็มมาแปรงออรินุ่มพิเศษ แพ็ค3แถม1
326322,2330.45,24,ซิสเท็มมา,Systema,ซิสเท็มมาแปรงออรินุ่มมาตรฐานแพ็ค3แถม1
326413,2771.0,46,ซิสเท็มมา,Systema,ซิสเท็มมาแปรงเอ็กซ์แอลนุ่มพิเศษ แพ็ค3แถม1
313718,1492.6,5,ซิสเท็มมา,Systema,ซิสเท็มมายาสีฟันแคร์แอนด์โพรเทคสปริงมินต์140ก.Pคู่
313791,1492.6,5,ซิสเท็มมา,Systema,ซิสเท็มมายาสีฟันแคร์แอนด์โพรเทคแม็กซี่140ก.Pคู่
313668,1492.6,5,ซิสเท็มมา,Systema,ซิสเท็มมายาสีฟันแคร์แอนด์โพรเทคไอซีมินต์140ก.Pคู่
313759,1492.6,5,ซิสเท็มมา,Systema,ซิสเท็มมายาสีฟันแคร์แอนด์โพรเทคเชอร์รี่140ก.Pคู่
313866,1797.75,18,ซิสเท็มมา,Systema,ซิสเท็มมายาสีฟันอัลตร้าแคร์โพรเทคไอซีมินต์140P3
313874,1571.12,13,ซิสเท็มมา,Systema,ซิสเท็มมายาสีฟันอัลตร้าแคร์โพรเทคสปริงมินต์140P3
313882,1797.75,7,ซิสเท็มมา,Systema,ซิสเท็มมายาสีฟันอัลตร้าแคร์โพรเทคเชอร์รี่140P3
313890,1790.94,5,ซิสเท็มมา,Systema,ซิสเท็มมายาสีฟันอัลตร้าแคร์โพรเทคแม็กซี่140P3
397000,1028.49,12,ซิสเท็มมา,Systema,ซิสเท็มมาบ้วนปากแจเปนนิสเชอร์รี่250มล.
397018,1028.5,10,ซิสเท็มมา,Systema,ซิสเท็มมาบ้วนปากเฟรชฟอร์เรสด์เขียว250มล.
397026,1028.49,15,ซิสเท็มมา,Systema,ซิสเท็มมาบ้วนปากคูลคาริบเบียนฟ้า250มล.
340000,1357.24,81,ซิสเท็มมา,Systema,ซิสเท็มมาไหมขัดฟันซิลค์กี้ฟลอส
378893,1410.98,26,โคโดโม,Kodomo,โคโดโม เฮดทูโท มายด์ออริจินอล แคร์แบร์350มล
378273,518.49,102,โคโดโม,Kodomo,โคโดโมเฮดทูโทวอชพิ้งค์ฮานาบากิ100มล.
378877,518.49,906,โคโดโม,Kodomo,โคโดโม เฮดทูโท มายด์ออริจินอล แคร์แบร์100มล
378927,518.5,245,โคโดโม,Kodomo,โคโดโม เฮดทูโท พิ้งค์ฮานาบากิ แคร์แบร์100มล
378760,934.63,26,โคโดโม,Kodomo,โคโดโม เฮดทูโท โอลีฟออยล์ แคร์แบร์180มล
378935,933.0,171,โคโดโม,Kodomo,โคโดโม เฮดทูโท พิ้งค์ฮานาบากิ แคร์แบร์200มล
375055,934.92,111,โคโดโม,Kodomo,โคโดโมเฮดทูโท โอลีฟออยล์ แคร์แบร์ 180มล+90มล
378752,518.5,50,โคโดโม,Kodomo,โคโดโม เฮดทูโท โอลีฟ ออยล์แคร์แบร์90มล.
378778,1411.0,5,โคโดโม,Kodomo,โคโดโม เฮดทูโท โอลีฟออยล์ แคร์แบร์320มล
378943,1411.0,5,โคโดโม,Kodomo,โคโดโม เฮดทูโท พิ้งค์ฮานาบากิ แคร์แบร์350มล
378885,935.0,758,โคโดโม,Kodomo,โคโดโม เฮดทูโท มายด์ออริจินอล แคร์แบร์ 200มล
375030,935.0,79,โคโดโม,Kodomo,โคโดโมเฮดทูโท มายด์ออริจินอล แคร์แบร์ 200มล+100มล
375048,935.0,92,โคโดโม,Kodomo,โคโดโมเฮดทูโท พิงค์ฮานาบากิ แคร์แบร์ 200มล+100มล
394361,809.2,5,โคโดโม,Kodomo,โคโดโมน้ำยาบ้วนปากฟรุ๊ตตี้คูลมิ้นต์ดาบพิฆาต250มล.
394346,809.2,6,โคโดโม,Kodomo,โคโดโมน้ำยาบ้วนปากสตรอเบอร์รี่ดาบพิฆาต250มล.
394353,809.2,5,โคโดโม,Kodomo,โคโดโมน้ำยาบ้วนปากรสส้มดาบพิฆาตอสูร250มล.
324889,786.25,5,โคโดโม,Kodomo,โคโดโมแปรงสีฟันอัลตร้าสไมล์ดาบพิฆาต+ยาสีฟัน65g
324814,628.15,5,โคโดโม,Kodomo,โคโดโมแปรงสีฟันโปรเฟสชั่นแนล3-6ปี ดีไซน์ใหม่แพคคู่
324863,843.2,89,โคโดโม,Kodomo,โคโดโมคิดส์เซต Adventure
324871,842.07,12,โคโดโม,Kodomo,โคโดโมคิดส์เซต New Pack
227652,448.8,78,โคโดโม,Kodomo,โคโดโมแชมพูเด็กสูตรเจนเทิล100มล.
228080,416.4,5,โคโดโม,Kodomo,โคโดโม ออร์แกนิค แชมพูเด็ก ออริจินอล 100 มล.
228098,759.9,93,โคโดโม,Kodomo,โคโดโม ออร์แกนิค แชมพูเด็ก ออริจินอล 200 มล.
228114,448.8,5,โคโดโม,Kodomo,โคโดโม ออร์แกนิค แชมพูเด็ก เจนเทิล ซอฟท์ 100 มล.
228122,805.8,10,โคโดโม,Kodomo,โคโดโม ออร์แกนิค แชมพูเด็ก เจนเทิล ซอฟท์ 200 มล.
270470,1513.0,151,โคโดโม,Kodomo,โคโดโมแป้งเด็กเนื้อโลชั่นพิ้งค์ฮานาบากิ180มล.
270553,1513.0,208,โคโดโม,Kodomo,โคโดโมแป้งเด็กเนื้อโลชั่นเอ็กซ์ตร้ามายด์180มล.
261040,929.9,11,โชกุบุซึ,Chogubuze,แป้งเย็นโชกุบุสซึ เมน สปอร์ต คูลลิ่ง 260gP2
261057,929.9,9,โชกุบุซึ,Chogubuze,แป้งเย็นโชกุบุสซึ เมน โพรเทคทีฟ ชาร์โคล 260gP2
261008,983.45,43,โชกุบุซึ,Chogubuze,โชกุบุสซึแป้งเย็นเมนสูตรสปอร์ตคูลลิ่ง260g2แถม1
261016,983.45,59,โชกุบุซึ,Chogubuze,โชกุบุสซึแป้งเย็นเมนสูตรโพรเทคทีฟชาร์โคล260g2แถม1
261024,892.46,11,โชกุบุซึ,Chogubuze,โชกุบุสซึ โมโนกาตาริ แป้งเย็น สูตร คูลลิ่ง เฟรช
261032,929.9,13,โชกุบุซึ,Chogubuze,โชกุบุสซึ โมโนกาตาริ แป้งเย็น สูตร คูลลิ่ง ซอฟท์
164392,1126.25,68,โชกุบุซึ,Chogubuze,โชกุบุสซึวิปโฟมอาบน้ำซากุระมายเมโลดี้450ขวด+450ถุง
164400,1126.25,108,โชกุบุซึ,Chogubuze,โชกุบุสซึวิปโฟมอาบน้ำโมโมะลีฟมายเมโลดี้450ขวด+450R
133074,1061.65,10,โชกุบุซึ,Chogubuze,โชกุบุสซึครีมอาบน้ำแอนติโพลูชั่น 450มล
133090,1061.5,8,โชกุบุซึ,Chogubuze,โชกุบุสซึครีมอาบน้ำสกินไบร์ทแอนด์โพรเทคชั่น 450มล
132688,821.94,58,โชกุบุซึ,Chogubuze,โชกุบุสซึฟรุ๊ตตี้ไบร์เทนนิ่งโพรเทค400มล.เติม
132704,821.95,36,โชกุบุซึ,Chogubuze,โชกุบุสซึฟรุ๊ตตี้เฮลตี้พลัสโพรเทค400มล.เติม
161836,820.98,69,โชกุบุซึ,Chogubuze,โชกุบุสซึครีมอาบน้ำชายมอยเจอร์รีแล็คซิ่งรีฟิล400
133066,727.6,26,โชกุบุซึ,Chogubuze,โชกุบุสซึครีมอาบน้ำแอนติโพลูชั่นถุงเติม 400 มล
133082,727.6,23,โชกุบุซึ,Chogubuze,โชกุบุสซึครีมอาบน้ำสกินไบร์ทแอนด์โพรเทคชั่น 400มล
161919,821.94,121,โชกุบุซึ,Chogubuze,โชกุบุสซึครีมอาบน้ำชายสูตรเย็น รีฟิล 400ml12ชิ้น
161927,805.16,40,โชกุบุซึ,Chogubuze,โชกุบุสซึครีมอาบน้ำชายเอ็กซ์ตรีม รีฟิล 400ml12ชิ้น
161935,820.81,45,โชกุบุซึ,Chogubuze,โชกุบุสซึครีมอาบน้ำชายมอยเจอร์รีแล็คซิ่งริฟิล 400
133470,820.68,305,โชกุบุซึ,Chogubuze,โชกุบุสซึครีมอาบน้ำผิวนุ่ม ถุงเติม 400มล12ชิ้น
133512,821.62,130,โชกุบุซึ,Chogubuze,โชกุบุสซึครีมอาบน้ำเจแปนนิสคาเมลเลีย ถุงเติม 400มล
133488,821.7,166,โชกุบุซึ,Chogubuze,โชกุบุสซึครีมอาบน้ำผิวใส ถุงเติม 400มล12ชิ้น
133496,821.95,99,โชกุบุซึ,Chogubuze,โชกุบุสซึครีมอาบน้ำผิวขาว ถุงเติม 400มล12ชิ้น
133504,817.34,136,โชกุบุซึ,Chogubuze,โชกุบุสซึครีมอาบน้ำชุ่มชื่นพิเศษถุงเติม400มล12ชิ้น
132498,945.2,5,โชกุบุซึ,Chogubuze,โชกุบุสซึครีมอาบน้ำซากุระฮอกไกโด500มล.ถุงเติม
132522,945.2,5,โชกุบุซึ,Chogubuze,โชกุบุสซึครีมอาบน้ำลาเวนเดอร์ฮอกไกโด500มล.ถุงเติม
132548,945.2,5,โชกุบุซึ,Chogubuze,โชกุบุสซึครีมอาบน้ำเชอร์รี่ฮอกไกโด500มล.ถุงเติม
161752,821.94,27,โชกุบุซึ,Chogubuze,โชกุบุสซึเมนครีมอาบน้ำชายสูตรเอ็กซ์ตรีม รีฟิล500ml
161745,821.93,42,โชกุบุซึ,Chogubuze,โชกุบุสซึเมนครีมอาบน้ำชายสูตรเย็น รีฟิล500ml
132159,821.95,5,โชกุบุซึ,Chogubuze,โชกุบุสซึครีมอาบน้ำเจแปนนิสคาเมลเลียถุงเติม500มล.
128157,821.94,5,โชกุบุซึ,Chogubuze,โชกุบุสซึครีมอาบน้ำนุ่มชุ่มชื่นพิเศษถุงเติม500มล.
132357,983.44,64,โชกุบุซึ,Chogubuze,โชกุบุสซึครีมอาบน้ำโอกินาว่าซีเฟรชขวด500มล.
132365,983.45,5,โชกุบุซึ,Chogubuze,โชกุบุสซึครีมอาบน้ำฟุกุโอกะบลูมมิ่งขวด500มล.
132480,1160.25,5,โชกุบุซึ,Chogubuze,โชกุบุสซึครีมอาบน้ำซากุระฮอกไกโด500มล.
132514,1160.21,10,โชกุบุซึ,Chogubuze,โชกุบุสซึครีมอาบน้ำลาเวนเดอร์ฮอกไกโด500มล.
132530,1160.25,7,โชกุบุซึ,Chogubuze,โชกุบุสซึครีมอาบน้ำเชอร์รี่ฮอกไกโด500มล.
139444,1020.0,5,โชกุบุซึ,Chogubuze,โชกุบุสซึครีมอาบน้ำผิวนุ่มขวด500มล.
139451,1020.0,100,โชกุบุซึ,Chogubuze,โชกุบุสซึครีมอาบน้ำผิวขาวขวด500มล.
139469,1020.0,5,โชกุบุซึ,Chogubuze,โชกุบุสซึครีมอาบน้ำผิวใสขวด500มล.
128587,1020.0,96,โชกุบุซึ,Chogubuze,โชกุบุสซึครีมอาบน้ำนุ่มชุ่มชื่นพิเศษขวด500มล.
132142,1020.0,5,โชกุบุซึ,Chogubuze,โชกุบุสซึครีมอาบน้ำเจแปนนิสคาเมลเลียขวด500มล.
161711,1020.0,102,โชกุบุซึ,Chogubuze,โชกุบุสซึเมนครีมอาบน้ำชายสูตรเย็น ขวด500ml
161729,1020.0,74,โชกุบุซึ,Chogubuze,โชกุบุสซึเมนครีมอาบน้ำชายสูตรเอ็กซ์ตรีม ขวด500ml
161885,1020.0,71,โชกุบุซึ,Chogubuze,โชกุบุสซึครีมอาบน้ำชายสูตรเย็น 400ml 12ชิ้น
161893,1020.0,27,โชกุบุซึ,Chogubuze,โชกุบุสซึครีมอาบน้ำชายสูตรเอ็กซ์ตรีม 400ml12ชิ้น
161901,1020.0,18,โชกุบุซึ,Chogubuze,โชกุบุสซึครีมอาบน้ำชายมอยเจอร์รีแล็คซิ่ง 400ml
133421,1020.0,85,โชกุบุซึ,Chogubuze,โชกุบุสซึครีมอาบน้ำผิวนุ่มขวดปั้ม 400มล.12ชิ้น
133462,1020.0,40,โชกุบุซึ,Chogubuze,โชกุบุสซึครีมอาบน้ำเจแปนนิสคาเมลเลีย ขวดปั้ม400มล.
133439,1020.0,58,โชกุบุซึ,Chogubuze,โชกุบุสซึครีมอาบน้ำผิวใส ขวดปั๊ม 400มล12ชิ้น
133447,1020.0,63,โชกุบุซึ,Chogubuze,โชกุบุสซึครีมอาบน้ำผิวขาวขวดปั้ม 400มล.12ชิ้น
133454,1020.0,38,โชกุบุซึ,Chogubuze,โชกุบุสซึครีมอาบน้ำชุ่มชื่นพิเศษขวดปั๊ม400มล12ชิ้น
132696,1020.0,18,โชกุบุซึ,Chogubuze,โชกุบุสซึฟรุ๊ตตี้ไบร์เทนนิ่งโพรเทค450มล
132712,1020.0,16,โชกุบุซึ,Chogubuze,โชกุบุสซึฟรุ๊ตตี้เฮลตี้พลัสโพรเทค450มล
161828,1020.0,83,โชกุบุซึ,Chogubuze,โชกุบุสซึครีมอาบน้ำชายมอยเจอร์รีแล็คซิ่งขวด450
207571,765.0,58,เปาเอ็มวอช,Pao M Wash,เปาเอ็มวอชลิควิค600มล.
211367,765.0,273,เปาวินวอช,Paowinwash,เปาวินวอชลิควิด700มล.ถุงเติม
211417,765.0,107,เปาวินวอช,Paowinwash,เปาวินวอชลิควิดบลูแอคทีฟเฟรช700มล.ถุงเติม
211383,765.0,48,เปาวินวอช,Paowinwash,เปาวินวอชลิควิดเซ็นชวลไวโอเล็ต700มล.ถุงเติม
211391,765.0,48,เปาวินวอช,Paowinwash,เปาวินวอชลิควิดเรดบลอสซั่ม700มล.ถุงเติม
211409,765.0,17,เปาวินวอช,Paowinwash,เปาวินวอชลิควิดไวท์ฟลอรัล700มล.ถุงเติม
211425,765.0,5,เปาวินวอช,Paowinwash,เปาวินวอชลิควิดแบล็คแอนดาร์ค700มล.ถุงเติม
211375,765.0,93,เปาวินวอช,Paowinwash,เปาวินวอชลิควิดพิ้งค์ซอฟท์700มล.ถุงเติม
211706,765.0,209,เปาวินวอช,Paowinwash,เปา วินวอช ลิควิด 620 มล.ถุงเติม
211714,765.0,119,เปาวินวอช,Paowinwash,เปา วินวอช ลิควิด พิ้งค์ซอฟท์ 620 มล.ถุงเติม
211722,765.0,112,เปาวินวอช,Paowinwash,เปา วินวอช ลิควิด เซ็นชวล ไวโอเล็ต 620 มล.ถุงเติม
211730,765.0,65,เปาวินวอช,Paowinwash,เปา วินวอช ลิควิด เรด บลอสซั่ม 620 มล.ถุงเติม
211748,765.0,67,เปาวินวอช,Paowinwash,เปา วินวอช ลิควิด ไวท์ ฟลอรัล 620 มล.ถุงเติม
211755,765.0,124,เปาวินวอช,Paowinwash,เปา วินวอช ลิควิด บลูแอคทีฟเฟรช 620 มล.ถุงเติม
211433,765.0,138,เปาวินวอช,Paowinwash,เปาวินวอชลิควิดโกลด์650มล.ถุงเติม
291716,382.5,116,ไลปอนเอฟ,Lipon-F,ไลปอนเอฟ สูตรอนามัย 750มล. ชนิดถุงเติม
291732,382.5,16,ไลปอนเอฟ,Lipon-F,ไลปอนเอฟ สูตรมะกรูด 750มล. ชนิดถุงเติม
291757,382.5,11,ไลปอนเอฟ,Lipon-F,ไลปอนเอฟ เจแปนนีส พีช 750มล. ชนิดถุงเติม
291765,382.5,5,ไลปอนเอฟ,Lipon-F,ไลปอนเอฟ เจแปนนีส พีช 750มล. ชนิดถุงเติม(แพ็ก2)
292177,382.5,6,ไลปอนเอฟ,Lipon-F,ไลปอนเอฟเอ็กซ์ตร้าไฮจินิค750มล.ถุงเติม(แพ็ก2)
291450,382.5,21,ไลปอนเอฟ,Lipon-F,ไลปอนเอฟ สูตรมะกรูด 800 มล. ถุงเดี่ยวพร้อมฝา
291476,382.5,12,ไลปอนเอฟ,Lipon-F,ไลปอนเอฟ เจแปนนีสพีช 800 มล. ถุงเดี่ยวพร้อมฝา
291435,382.48,5,ไลปอนเอฟ,Lipon-F,ไลปอนเอฟ สูตรอนามัย800มล. ถุงเดี่ยวพร้อมฝา
209064,471.72,52,เปาวินวอช,Paowinwash,เปาวินวอชไวโอเล็ต800ก.
372656,1677.9,5,ฟอลเลส,FALLESS,ฟอลเลสแชมพูโจโจ้บา230มล.
372375,1295.6,21,ฟอลเลส,FALLESS,ฟอลเลสแชมพูผมนุ่มลื่น180มล.
372417,1555.48,20,ฟอลเลส,FALLESS,ฟอลเลสแชมพูผมนุ่มลื่น300มล.
397158,1060.8,26,ซิสเท็มมา,Systema,ซิสเท็มมาบ้วนปากแจเปนนิส เฮิรบ์750มล.
397190,1060.8,43,ซิสเท็มมา,Systema,ซิสเท็มมาบ้วนปากเนเชอร์รัลทีฟิวชั่น750มล.
397604,1060.8,58,ซิสเท็มมา,Systema,ซิสเท็มม่าน้ำยาบ้วนปากเจแปนนิสเชอรี่750ml(Festive)
397612,1060.8,23,ซิสเท็มมา,Systema,ซิสเท็มม่าน้ำยาบ้วนปากเฟรชฟอเรสต์750ml(Festive)
397083,1060.8,115,ซิสเท็มมา,Systema,ซิสเท็มมาบ้วนปากเเจเปนิสเชอรี่บลอสซั่มชมพู750มล.
397091,1060.8,110,ซิสเท็มมา,Systema,ซิสเท็มมาบ้วนปากเฟรชฟอร์เรสต์เขียว750มล.
397109,1060.8,87,ซิสเท็มมา,Systema,ซิสเท็มมาบ้วนปากคูลคาริบเบียนฟ้า750มล.
397117,1060.8,21,ซิสเท็มมา,Systema,ซิสเท็มมาบ้วนปากมิดไนท์พาราไดซ์ม่วง750มล.
397141,832.15,8,ซิสเท็มมา,Systema,ซิสเท็มมาบ้วนปากแจเปนนิสเฮิรบ์500มล.
397182,832.15,10,ซิสเท็มมา,Systema,ซิสเท็มมาบ้วนปากเนเชอร์รัลทีฟิวชั่น500มล.
397307,997.89,31,ซิสเท็มมา,Systema,ซิสเท็มมาบ้วนปากโอดี500มล.
397042,832.11,54,ซิสเท็มมา,Systema,ซิสเท็มมาบ้วนปากแจเปนนิสเชอรี่บลอสซัม500มล.
397067,832.15,72,ซิสเท็มมา,Systema,ซิสเท็มมาบ้วนปากคูลคาริบเบียนฟ้า500มล.
397075,832.14,49,ซิสเท็มมา,Systema,ซิสเท็มมาบ้วนปากมิดไนท์พาราไดส์ม่วง500มล.
397059,832.15,62,ซิสเท็มมา,Systema,ซิสเท็มมาบ้วนปากเฟรชฟอร์เรสต์เขียว500มล.
240614,351.9,21,ลุค,Look,ลุคถูพื้นจับฝุ่นพิงกี้สวีท(ชมพู)ถุงเติม800มล.
240630,351.9,21,ลุค,Look,ลุคถูพื้นลาเวนเดอร์ซีเครต(ม่วง)ถุงเติม800มล.
364000,894.19,53,ท้อป,TOP,ท้อปลิควิดขวด800มล.
209163,471.74,36,เปาวินวอช,Paowinwash,เปาวินวอชเรดบลอสซั่ม800ก.
209171,409.8,27,เปาวินวอช,Paowinwash,เปาวินวอชไวท์ฟลอรัล800ก.
211672,471.75,107,เปาวินวอช,Paowinwash,เปา วินวอช 800 กรัม (รุ่นพิเศษ DIVS)
203745,590.74,29,เปาซิลเวอร์นาโน,Pao Silver Nano,เปาซิลเวอร์นาโนเอ็กซ์เพิร์ทฝาหน้า800ก.
203786,590.75,17,เปาซิลเวอร์นาโน,Pao Silver Nano,เปาซิลเวอร์นาโนเอ็กซ์เพิร์ทซอฟท์ซอง800ก.
299198,457.4,73,ไฟท์,Fight,ไฟท์ 800 มล.(ชนิดถุงเติม)แบบใหม่
203166,590.75,212,เปาซิลเวอร์นาโน,Pao Silver Nano,เปาซิลเวอร์นาโนเอ็กซ์เพิร์ท800ก.
207340,637.49,159,เปาเอ็มวอช,Pao M Wash,เปาเอ็มวอชถุงใหม่1กก.
208082,300.89,9859,108shop,108shop,108shop (สีฟ้า) 1000ก.
398024,1093.95,13,ซอลล์,Salt,ซอลส์น้ำยาบ้วนปากตรีผลา500 มล.
398065,1093.94,16,ซอลล์,Salt,ซอลส์น้ำยาบ้วนปากข่อย500มล.
240705,480.57,92,ลุค,Look,ลุคห้องครัว ขวดสเปรย์ 500มล ใหม่
332007,493.0,5,เดอปารี,De Paris,เดอปารีปรับผ้านุ่ม กลิ่นจอย540มล.
332015,492.77,22,เดอปารี,De Paris,เดอปารีปรับผ้านุ่มกลิ่นบลูมมิ่ง540มล.
332023,493.0,72,เดอปารี,De Paris,เดอปารีปรับผ้านุ่ม กลิ่นบลูพาราไดซ์540มล.
332031,493.0,78,เดอปารี,De Paris,เดอปารีปรับผ้านุ่ม กลิ่นมูนไลท์ฮาร์โมนี่540มล.
332163,492.99,5,เดอปารี,De Paris,เดอปารีปรับผ้านุ่มเข้มข้นบลูมมิ่งกราซ450มล.
332171,492.98,5,เดอปารี,De Paris,เดอปารีปรับผ้านุ่มเข้มข้นเมดิเตอร์เรเนียน450มล.
332189,492.99,5,เดอปารี,De Paris,เดอปารีปรับผ้านุ่มเข้มข้นโพรวองซ์ดรีม450มล.
332197,492.99,5,เดอปารี,De Paris,เดอ ปารี ปรับผ้านุ่มสูตรเข้มข้น  กลิ่นจอย 490มล
332205,492.99,7,เดอปารี,De Paris,เดอ ปารี ปรับผ้านุ่มสูตรเข้มข้น กลิ่นบลูมมิ่ง490มล
332213,398.11,9,เดอปารี,De Paris,เดอ ปารี ปรับผ้านุ่ม  กลิ่นบลู พาราไดซ์ 490มล
332221,492.99,15,เดอปารี,De Paris,เดอปารี ปรับผ้านุ่ม กลิ่นมูนไลท์ ฮาร์โมนี่490มล
221705,606.89,7,คิวลีน,Qlean,คิวลีนสูตรเย็น170มล.
370478,606.9,5,คิวลีน,Qlean,คิวลีนแชมพูสูตรลดผมร่วง170มล.
373407,606.89,6,คิวลีน,Qlean,คิวลีนแชมพูสูตรผมนุ่มลื่น170มล.
221697,1044.65,10,คิวลีน,Qlean,คิวลีนสูตรเย็น340มล.
370460,1044.47,8,คิวลีน,Qlean,คิวลีนแชมพูสูตรลดผมร่วง340มล.
373399,1044.6,7,คิวลีน,Qlean,คิวลีนแชมพูสูตรผมนุ่มลื่น340มล.
377002,1177.24,46,กู๊ดเอจ,GoodAge,กู๊ดเอจแชมพูสระผมซอฟท์แอนท์สมูท350มล.
279026,2184.5,5,กู๊ดเอจ,GoodAge,กู๊ดเอจดีพมอยส์เจอร์แอนตี้เอจจิ้งบอดี้โลชั่น400มล.
271031,1011.49,46,กู๊ดเอจ,GoodAge,กู้ดเอจสมูทแอนด์มอยส์เจอร์พาวเดอร์โลชั่น
312041,726.75,106,กู๊ดเอจ,GoodAge,ชุดแปรงสีฟันและยาสีฟันกู๊ดเอจ กู๊ดทูโก เดนทัลเซ็ท
333450,424.99,6,ไฮคลาส,Hiclass,ไฮคลาส ปรับผ้านุ่มสูตรเข้มข้น อโรม่าริช 480 มล.
333468,425.0,5,ไฮคลาส,Hiclass,ไฮคลาส ปรับผ้านุ่มสูตรเข้มข้น เบอร์รี่คิส 480 มล.
213611,399.5,125,เปา,Pao bun jin,เปาซุปเปอร์ เพอร์ฟูม 700กรัม
135764,929.9,21,ฟลอเร่,Flore,ฟลอเร่ครีมอาบน้ำ ไวท์แอนด์ไบร์ท เซนเซซั่น 450มล
135772,929.9,10,ฟลอเร่,Flore,ฟลอเร่ครีมอาบน้ำ มอยส์เจอร์ล็อคเซนเซซั่น450มล
135780,929.89,22,ฟลอเร่,Flore,ฟลอเร่ครีมอาบน้ำ ยูธฟุลเซนเซซั่น 450มล
135798,929.9,26,ฟลอเร่,Flore,ฟลอเร่ครีมอาบน้ำ คูลแอนด์มายด์ เซนเซซั่น 450มล
208199,289.29,267,108shop,108shop,108shop (สีชมพู) 900ก.
203067,590.74,8,เปาซิลเวอร์นาโน,Pao Silver Nano,เปาซิลเวอร์นาโนแอคทีฟ750ก.
238006,742.02,5,เปา ไมเซลลาร์ 4เอกซ์,Pao Micellar 4X,เปาไมเซลลาร์4เอกซ์(ขวด)460มล.
213504,399.5,440,เปา,Pao bun jin,เปาซุปเปอร์ไวท์750ก.
213512,399.49,441,เปา,Pao bun jin,เปาซุปเปอร์ซอฟท์750ก.
213520,399.49,298,เปา,Pao bun jin,เปาซุปเปอร์คัลเลอร์750ก.
232058,564.4,53,เปา เจลแคป,Pao Gel Caps,เปาเจลแคปเฟรชฟลอรัล126ก.รีฟิล
280149,348.5,45,โปร,Pro,โปร สวีทฟอรัล 700 กรัม
374579,965.6,5,ฟรีแอนด์ฟรี,FREE&FREE,ฟรีแอนด์ฟรี0 แชมพูผมแห้งเสีย300มล.รุ่นหูยาว
374587,922.17,5,ฟรีแอนด์ฟรี,FREE&FREE,ฟรีแอนด์ฟรี แชมพูสูตรผมทำสี300มล.รุ่นหูยาว
398032,1283.55,93,ซอลล์,Salt,ซอลส์น้ำยาบ้วนปากตรีผลา750มล.
398073,1289.45,105,ซอลล์,Salt,ซอลส์น้ำยาบ้วนปากข่อย750มล.
299214,226.94,51,ไฟท์,Fight,ไฟท์ 220 มล (หัวทา) แบบใหม่
240747,562.7,77,ลุค,Look,ลุคถูพื้นพิ้งกี้สวีท ชนิดขวด920มล.
240754,562.7,101,ลุค,Look,ลุคถูพื้นลาเวนเดอร์ซีเครต ชนิดขวด920มล
339093,255.0,12,โปร,Pro,โปรปรับผ้านุ่มการ์เด้นสวีท 450มล(แพ็ก3)
339101,255.0,9,โปร,Pro,โปรปรับผ้านุ่มเนเชอรัลเฟรช 450มล แพ็ก3
339119,255.0,8,โปร,Pro,โปรปรับผ้านุ่ม ฟอเรสต์ อโรม่า 450มล.(แพ็ก3)
162339,600.95,76,คิเรอิ,Kirei,คิเรอิโฟมล้างมือลาเวนเดอร์ขวด250มล.
162313,600.94,5,คิเรอิ,Kirei,คิเรอิโฟมล้างมือเบอร์รีขวด250มล.
162453,600.95,76,คิเรอิ,Kirei,คิเรอิโฟมล้างมือพีชขวด250มล
162479,600.95,73,คิเรอิ,Kirei,คิเรอิโฟมล้างมือเกรปขวด250มล
162735,600.94,21,คิเรอิ,Kirei,คิเรอิโฟมล้างมือพีชขวด250+ถุงเติม200มล.
162743,600.95,14,คิเรอิ,Kirei,คิเรอิโฟมล้างมือเกรปขวด250+ถุงเติม200มล.
162750,600.95,14,คิเรอิ,Kirei,คิเรอิโฟมล้างมือลาเวนเดอร์ขวด250+ถุงเติม200มล.
162974,600.95,5,คิเรอิ,Kirei,คิเรอิคิเรอิโฟมล้างมือบลูมมิ่งฟลอรัล250มล
162958,524.45,8,คิเรอิ,Kirei,คิเรอิโฟมล้างมือสูตรมอยเจอร์ไรซิ่งพีชถุงเติม450มล.
162966,524.44,7,คิเรอิ,Kirei,คิเรอิโฟมล้างมือสูตรมุราซากิลาเวนเดอร์ถุงเติม450มล
162941,524.44,56,คิเรอิ,Kirei,คิเรอิโฟมล้างมือสูตรออริจินัลถุงเติม450มล.
167031,726.74,100,คิเรอิ,Kirei,คิเรอิครีมอาบน้ำ คลีนแอนด์โพรเทค400มล.ถุงเติม
167049,726.75,75,คิเรอิ,Kirei,คิเรอิครีมอาบน้ำ นูริชแอนด์แคร์400มล.ถุงเติม
167056,726.75,70,คิเรอิ,Kirei,คิเรอิครีมอาบน้ำ เฮลตี้ไวท์400มล.ถุงเติม
268417,969.0,5,โคโดโม,Kodomo,โคโดโมแป้งสเปเซียล แคร์แบร์ลิตเติลแฟรี350ก. แพค2+1
268425,969.0,14,โคโดโม,Kodomo,โคโดโมแป้งซันไซน์คิดส์350ก. แพค2+1
268433,969.0,24,โคโดโม,Kodomo,โคโดโมแป้งสวีทตี้คูล350ก. แพค2+1
268326,969.0,99,โคโดโม,Kodomo,โคโดโมแป้งเอ็กซ์ตร้ามายด์350ก.แพค2+1
268334,969.0,111,โคโดโม,Kodomo,โคโดโมแป้งเจนเทิลซอฟท์350ก.แพค2+1
268342,969.0,43,โคโดโม,Kodomo,โคโดโมแป้งเนเชอรัลซอฟท์โพรเทคชั่น350ก.แพค2+1
268359,969.0,5,โคโดโม,Kodomo,โคโดโมแป้งสวีทตี้คูล350ก.แพค2+1
268367,969.0,5,โคโดโม,Kodomo,โคโดโมแป้งซันไชน์คิดส์350ก.แพค2+1
268391,969.0,56,โคโดโม,Kodomo,โคโดโมแป้งออร์แกนิค350ก.แพค2+1
335513,382.49,103,โคโดโม,Kodomo,โคโดโมปรับผ้านุ่มแอนตี้แบค600มล.P3
353268,576.29,136,โคโดโม,Kodomo,โคโดโมล้างขวดนม600มล.
335612,382.49,54,โคโดโม,Kodomo,โคโดโมปรับผ้านุ่มออร์แกนิคโจโจ้บาออยล์3+550P3
353326,667.25,85,โคโดโม,Kodomo,โคโดโมน้ำยาล้างขวดนม650มล.
118356,1112.65,23,โคโดโม,Kodomo,โคโดโมชุดของขวัญขนาดเล็ก
270512,1313.21,9,โคโดโม,Kodomo,โคโดโมแป้งเด็กเนื้อโลชั่นเอ็กซ์ตร้ามายด์400มล.
270520,1313.24,26,โคโดโม,Kodomo,โคโดโมแป้งเด็กเนื้อโลชั่นพิ้งค์ฮานาบากิ400มล.
353318,750.54,30,โคโดโม,Kodomo,โคโดโมโอกานิคุล้างขวดนม650มล.
353300,540.9,65,โคโดโม,Kodomo,โคโดโมโอกานิคุล้างขวดนม600มล.ถุงเติม
118414,1801.97,36,โคโดโม,Kodomo,โคโดโมชุดของขวัญขนาดใหญ่
335596,438.6,45,โคโดโม,Kodomo,โคโดโมปรับผ้านุ่มเด็กออร์แกนิคโอลีฟออยล์550มลP3
118422,1112.65,69,โคโดโม,Kodomo,โคโดโมชุดของขวัญ ขนาดเล็ก
250019,453.0,9,โคโดโม,Kodomo,โคโดโมคิดส์ครีมนวดผม150มล.
235523,741.19,177,โคโดโม,Kodomo,โคโดโมซักผ้าเด็กออร์แกนิคโอลีฟออยล์580มล.แพ็ค3
235648,735.8,151,โคโดโม,Kodomo,โคโดโมซักผ้าเด็กนิวบอร์นสูตรลดกลิ่นอับ580มล.แพ็ค3
235671,741.2,65,โคโดโม,Kodomo,โคโดโมซักผ้าเด็กโอกานิคุ ออร์แกนิค อโลเวร่า450 P3
235697,741.2,98,โคโดโม,Kodomo,โคโดโมซักผ้าเด็ก เนเชอรัล ไมเซลลาร์เข้มข้น580มลP3
227678,765.0,5,โคโดโม,Kodomo,โคโดโมแชมพูเด็กสูตรเจนเทิล400มล.
227694,413.97,5,โคโดโม,Kodomo,โคโดโมคิดส์แชมพูทูอินวันเพิร์ลลี่พิ้งค์200มล.
228056,492.35,41,โคโดโม,Kodomo,โคโดโมแชมพูคิดส์2in1ซิลกี้แอนด์สมูท200+200มล.
228106,718.25,33,โคโดโม,Kodomo,โคโดโม ออร์แกนิค แชมพูเด็ก ออริจินอล 400 มล.
228130,765.0,6,โคโดโม,Kodomo,โคโดโม ออร์แกนิค แชมพูเด็ก เจนเทิล ซอฟท์ 400 มล.
227439,493.0,8,โคโดโม,Kodomo,โคโดโมแชมพูคิดส์ทูอินวัน200มล.
378901,933.9,732,โคโดโม,Kodomo,โคโดโม เฮดทูโท มายด์ ออริจินอล แคร์แบร์400มล
378950,951.82,60,โคโดโม,Kodomo,โคโดโม เฮดทูโท พิ้งค์ฮานาบากิ แคร์แบร์400มล
378745,754.8,5,โคโดโม,Kodomo,โคโดโมเฮดทูโทคิดส์แฮปปี้เรดเบอร์รี่400มล.(ดาบพิฆาต
378737,754.8,5,โคโดโม,Kodomo,โคโดโมเฮดทูโทคิดส์แอปเปิ้ลพีช400มล.(ดาบพิฆาตอสูร
378687,467.26,7,โคโดโม,Kodomo,โคโดโมเฮดทูโทคิดส์ฟรุ๊ตตี้เบอร์รี่200+100มล.(ดาบพิ
378836,754.8,25,โคโดโม,Kodomo,โคโดโมเฮดทูโทบลูแคนดี้400+400(ดาบพิฆาตอสูร)
378844,754.8,12,โคโดโม,Kodomo,โคโดโมเฮดทูโทฟรุตตี้เบอร์รี่400+400(ดาบพิฆาตอสูร)
378851,754.8,6,โคโดโม,Kodomo,โคโดโมเฮดทูโทแอปเปิ้ลพีช400+400(ดาบพิฆาตอสูร)
378869,754.8,15,โคโดโม,Kodomo,โคโดโมเฮดทูโทแฮปปี้เรดเบอร์รี่400+400(ดาบพิฆาตอสูร
378786,951.96,5,โคโดโม,Kodomo,โคโดโม เฮดทูโท โอลีฟออยล์ แคร์แบร์360มล
378695,467.5,5,โคโดโม,Kodomo,โคโดโมเฮดทูโทคิดส์บลูแคนดี้200+100มล.(ดาบพิฆาตอสูร
378703,467.5,5,โคโดโม,Kodomo,โคโดโมเฮดทูโทคิดส์แอปเปิ้ลพีช200+100มล.(ดาบพิฆาตอส
378711,467.5,5,โคโดโม,Kodomo,โคโดโมเฮดทูโทคิดส์แฮปปี้เบอร์รี่200+100มล.(ดาบพิฆา
378729,467.5,5,โคโดโม,Kodomo,โคโดโมเฮดทูโทคิดส์เมจิคเพอร์เพิล200+100มล.(ดาบพิฆา
315036,715.66,5,ซื่อสัตย์,SUE-SAT,ซื่อสัตย์ยาสีฟันสูตรแอคทีฟฟลูออไรด์160ก.
322008,506.4,5,ซื่อสัตย์,SUE-SAT,ซื่อสัตย์แปรงสีฟันรุ่นนุ่มพิเศษ ดีพคลีนนิ่ง
320572,1943.61,5,ซิสเท็มมา,Systema,ซิสเท็มมาแปรงสีฟันแพคทูโกใหม่
320168,2027.24,24,ซิสเท็มมา,Systema,ซิสเท็มมาแปรงสีฟันนุ่มมาตรฐานใหม่
235713,767.55,22,โคโดโม,Kodomo,โคโดโมซักผ้าเด็กเนเชอรัล ไมเซลลาร์ สูตรเข้มข้น1300
235705,767.55,21,โคโดโม,Kodomo,โคโดโมซักผ้าเด็ก โอกานิคุ ออร์แกนิค อโลเวร่า1200
200964,398.65,17,โปร,Pro,โปรสวีทฟลอรัล1800ก.
200956,428.4,18,โปร,Pro,โปรสวีทฟลอรัล2700ก.
204396,527.0,202,โปร,Pro,โปรเมติก8000ก.
204487,671.5,97,โปร,Pro,โปร-เมติกผงซักฟอก25กก.
351312,264.35,825,โปร,Pro,โปรล้างจานถุงเติม400มล.P3
351320,264.35,610,โปร,Pro,โปรล้างจานถุงเติม400มล.เดี่ยว
380220,747.15,25,ฟรีแอนด์ฟรี,FREE&FREE,ฟรีแอนด์ฟรีผมทำสีชนิดเจล40มล.
380238,747.14,46,ฟรีแอนด์ฟรี,FREE&FREE,ฟรีแอนด์ฟรีผมเสียชนิดเจล40มล.
374017,1052.3,6,ฟรีแอนด์ฟรี,FREE&FREE,ฟรีแอนด์เซรั่มฟรีแชมพูผมทำสี170มล.
374033,1052.3,5,ฟรีแอนด์ฟรี,FREE&FREE,ฟรีแอนด์ฟรีเซรั่มแชมพูผมแห้งเสีย170มล.
259002,2592.49,7,ฟอลเลส,FALLESS,ฟอลเลสแฮร์โทนิค90มล.
718056,1195.61,34,โชกุบุซึ,Chogubuze,โชกุบุสซึโฟมผิวกระจ่างใสอย่างเป็นธรรมชาติ100ก.
320986,2337.5,75,ซิสเท็มมา,Systema,ซิสเท็มมาแปรงสีฟันออริตินัลมาตรฐานใหม่P3
161810,918.0,18,โชกุบุซึ,Chogubuze,โชกุบุสซึ เมน ครีมอาบน้ำชาย สูตรเย็น ขวด200ml
378539,518.49,5,โคโดโม,Kodomo,โคโดโม เฮดทูโทคิดส์ บลูแคนดี้ 100มล. ดาบพิฆาตอสูร
378562,518.49,5,โคโดโม,Kodomo,โคโดโมเฮดทูโทคิดส์แอปเปิ้ลพีช 100มล.ดาบพิฆาตอสูร
378505,518.49,5,โคโดโม,Kodomo,โคโดโม เฮดทูโทคิดส์ ฟรุ๊ตตี้เบอร์รี่100มล.ดาบพิฆาต
378588,518.5,5,โคโดโม,Kodomo,โคโดโมเฮดทูโทคิดส์แฮปปี้เรดเบอร์รี่100มล.ดาบพิฆาต
378604,518.49,5,โคโดโม,Kodomo,โคโดโมเฮดทูโทคิดส์เมจิคเพอร์เพิล100มล.ดาบพิฆาตอสูร
128470,821.94,74,โชกุบุซึ,Chogubuze,โชกุบุสซึครีมอาบน้ำผิวขาวถุงเติม500มล.
128462,819.27,6,โชกุบุซึ,Chogubuze,โชกุบุสซึครีมอาบน้ำผิวนุ่มถุงเติม500มล.
128488,821.33,7,โชกุบุซึ,Chogubuze,โชกุบุสซึครีมอาบน้ำผิวใสถุงเติม500มล.
167007,1260.55,25,คิเรอิ,Kirei,คิเรอิครีมอาบน้ำคลีนแอนด์โพรเทค500 มล.
167015,1259.65,25,คิเรอิ,Kirei,คิเรอิครีมอาบน้ำเฮลตี้ไวท์500มล.
167023,1260.55,16,คิเรอิ,Kirei,คิเรอิครีมอาบน้ำนูริชแอนด์แคร์500 มล.
162768,600.95,18,คิเรอิ,Kirei,คิเรอิโฟมล้างมือเบอรี่ขวด250+ถุงเติม200มล
256248,965.6,5,ฟรีแอนด์ฟรี,FREE&FREE,ฟรีแอนด์ฟรีเซรั่มคอนดิชั่นเนอร์ ผมทำสี240มล.
256255,965.6,5,ฟรีแอนด์ฟรี,FREE&FREE,ฟรีแอนด์ฟรีเซรั่มคอนดิชั่นเนอร์ ผมแห้งเสีย240มล.
164319,857.8,5,โชกุบุซึ,Chogubuze,โชกุบุสซึวิปโฟมอาบน้ำสูตรซากุระ450ถุงเติม
164327,726.86,5,โชกุบุซึ,Chogubuze,โชกุบุสซึวิปโฟมอาบน้ำสูตรโมโมะลีฟ450ถุงเติม
378521,754.8,5,โคโดโม,Kodomo,โคโดโม เฮดทูโทคิดส์ ฟรุ๊ตตี้เบอร์รี่400มล.ดาบพิฆาต
378547,467.5,5,โคโดโม,Kodomo,โคโดโม เฮดทูโทคิดส์ บลูแคนดี้ 200มล. ดาบพิฆาตอสูร
378554,754.8,5,โคโดโม,Kodomo,โคโดโม เฮดทูโทคิดส์ บลูแคนดี้ 400มล. ดาบพิฆาตอสูร
378513,467.5,5,โคโดโม,Kodomo,โคโดโม เฮดทูโทคิดส์ ฟรุ๊ตตี้เบอร์รี่200มล.ดาบพิฆาต
378570,467.5,5,โคโดโม,Kodomo,โคโดโมเฮดทูโทคิดส์ แอปเปิ้ลพีช200มล.ดาบพิฆาตอสูร
378596,467.5,5,โคโดโม,Kodomo,โคโดโมเฮดทูโทคิดส์แฮปปี้เรดเบอร์รี่200มล.ดาบพิฆาต
378612,467.5,5,โคโดโม,Kodomo,โคโดโมเฮดทูโทคิดส์เมจิคเพอร์เพิล200มล.ดาบพิฆาตอสูร
380162,1000.44,8,ฟรีแอนด์ฟรี,FREE&FREE,ฟรีแอนด์ฟรีผมเสียชนิดน้ำ210มล.
374009,965.6,5,ฟรีแอนด์ฟรี,FREE&FREE,ฟรีแอนด์ฟรีเซรั่มแชมพูผมทำสี300มล.
374025,965.58,112,ฟรีแอนด์ฟรี,FREE&FREE,ฟรีแอนด์ฟรีเซรั่มแชมพูผมแห้งเสีย300มล.
380121,1000.35,6,ฟรีแอนด์ฟรี,FREE&FREE,ฟรีแอนด์ฟรีผมทำสีชนิดน้ำ210มล.
380105,1000.44,6,ฟรีแอนด์ฟรี,FREE&FREE,ฟรีแอนด์ฟรีผมทำสีชนิดเจล70มล.
380147,1000.4,12,ฟรีแอนด์ฟรี,FREE&FREE,ฟรีแอนด์ฟรีผมเสียชนิดเจล70มล.
255000,1296.24,13,ฟอลเลส,FALLESS,ฟอลเลสครีมนวดผม180มล.
372003,1289.57,49,ฟอลเลส,FALLESS,ฟอลเลสแชมพูผมแข็งแรง180มล.
372128,1549.98,38,ฟอลเลส,FALLESS,ฟอลเลสแชมพูผมแข็งแรง300มล.
986042,1009.34,17,ซาร่า,Sara,ซาร่าเม็ดรีแผง10เม็ด(120แผง)
417071,829.59,260,จายา,Jaya,จายาบะหมี่ซองรสเนื้อ60ก.
417089,829.59,61,จายา,Jaya,จายาบะหมี่ซองรสต้มยำ60ก.
518027,345.6,31,ซื่อสัตย์,SUE-SAT,ซื่อสัตย์บะหมี่คัพรสไก่กระเทียมP3บรรจุ12ชิ้น
518019,829.58,12,ซื่อสัตย์,SUE-SAT,ซื่อสัตย์บะหมี่ซองรสไก่กระเทียม
518084,827.84,5,ซื่อสัตย์,SUE-SAT,ซื่อสัตย์บะหมี่ซองรสต้มยำกุ้งP6
518076,829.59,11,ซื่อสัตย์,SUE-SAT,ซื่อสัตย์บะหมี่ซองรสต้มยำกุ้ง
518134,822.0,5,ซื่อสัตย์,SUE-SAT,ซื่อสัตย์บะหมี่ซองรสไก่กระเทียมP6
916643,1693.69,5,เอลิปส์,Ellips,เอลิปส์ แฮร์ วิตามิน สมูท แอนด์ ซิลกี้ 6แคปซูล
916650,911.36,5,เอลิปส์,Ellips,เอลิปส์ แฮร์มาร์ส แฮร์รีแพร์ 18 กรัม(TT)
916668,911.36,5,เอลิปส์,Ellips,เอลิปส์ แฮร์มาร์ส สมูท แอนด์ ซิลกี้ 18 กรัม(TT)
916684,775.08,39,เอลิปส์,Ellips,เอลิปส์ วิตามิน แฮร์มิสท์ เฟรช&สมูท100มล
916692,1954.56,30,เอลิปส์,Ellips,เอลิปส์ แฮร์ วิตามิน เลดี้ไชนี่ 8 แคปซูล
734111,188.32,180,ปรุงทิพย์,Prungtip,ปรุงทิพย์เกลือ5000ก.(6ชิ้น)
734079,432.53,18,ปรุงทิพย์,Prungtip,ปรุงทิพย์เกลือ120ก.P6(12แพค)
734087,432.54,12,ปรุงทิพย์,Prungtip,ปรุงทิพย์เกลือ330ก.P6(6แพค)
735027,238.45,57,ปรุงทิพย์,Prungtip,เกลือทิพย์220ก.P12(12แพค)
735035,165.59,33,ปรุงทิพย์,Prungtip,เกลือทิพย์1000ก.(30ชิ้น)
734137,359.5,17,ปรุงทิพย์,Prungtip,ปรุงทิพย์เกลือ150ก.P12(15แพค)
934083,770.56,5,คินโช,KinCho,คินโชยาจุดกันยุงชนิดขดใหม่(72ชิ้น)
991059,2220.56,5,ดอร์โก้,Dorco,ดอร์โค ด้ามมีดโกนครอส รุ่น3 ใบมีดพร้อมใบ3ชิ้น(GT)
991455,631.41,13,ดอร์โก้,Dorco,ดอร์โคมีดโกน เพซ3 รุ่น 3ใบมีดx1(GTNew)
991414,962.91,5,ดอร์โก้,Dorco,ดอร์โคด้ามมีดโกน เพซ2 รุ่น 2ใบx2+1 (GTNew)
734129,219.12,414,ปรุงทิพย์,Prungtip,ปรุงทิพย์เกลือ500ก.P6(8แพค)
990986,541.44,26,ดอร์โก้,Dorco,ดอร์โคด้ามมีดโกนดิสพอสซิเบิ้ลเพซ2รุ่น2ใบX2+1(GT)
991471,1056.43,5,ดอร์โก้,Dorco,ดอร์โคด้ามมีดโกนซิสเต็มแรพพิด รุ่น2 ใบมีด+ใบ7ชิ้น
991489,1283.53,5,ดอร์โก้,Dorco,ดอร์โคใบมีดโกน กรอสรุ่น3ใบ+5ชิ้น(3+2)(GTnew)
734046,219.12,968,ปรุงทิพย์,Prungtip,ปรุงทิพย์เกลือ1000ก.(24ชิ้น)
734103,461.37,5,ปรุงทิพย์,Prungtip,ปรุงทิพย์เกลือ750ก.(24ชิ้น)
624007,199.19,373,อ.ส.ร,Aosoror,อสร.น้ำส้มสายชูกลั่น250มล.
986059,639.24,5,ซาร่า,Sara,ซาร่าน้ำรสสตอเบอรี่(24ขวด)
710459,480.0,10,ไบโอนิค,Bionic,ไบโอนิคกรีนที80ก.
736900,592.16,5,มิตรผล,Mitrphol,มิตรผลน้ำตาลทรายบริสุทธิ์ชนิดขวด
952028,1027.2,5,มองต์เฟลอ,Monfluer,มองต์เฟลอสเปรย์น้ำแร่50มล.
937011,648.0,7,คินโช,KinCho,คินโชสเปรย์กำจัดปลวกสีส้ม450มล.(12ชิ้น)
937045,540.0,5,คินโช,KinCho,คินโชสเปรย์กำจัดปลวกสีส้ม300มล.(12ชิ้น)
276071,582.0,5,ไอนิว,Inew,ไอนิวครีมปกป้องผิว200ก.
624015,175.96,2782,อ.ส.ร,Aosoror,อสร.น้ำส้มสายชูกลั่น700มล.
518100,345.6,32,ซื่อสัตย์,SUE-SAT,ซื่อสัตย์บะหมี่คัพรสต้มยำกุ้งP3
730846,501.63,19,มิตรผล,Mitrphol,เฟรชชี่ ไซรัปกลิ่นสละ 710 มล
952010,753.0,5,มองต์เฟลอ,Monfluer,มองต์เฟลอสเปรย์น้ำแร่150มล.
916148,1072.24,69,เอลิปส์,Ellips,เอลิปส์แฮร์มาส์ก แฮร์รีแพร์18ก.(ชมพู)
210195,246.0,10,ซื่อสัตย์,SUE-SAT,ซื่อสัตย์น้ำยาซักผ้าฟลอรัล500มล.ถุงเติม
785782,52.5,3105,มองต์เฟลอ,Monfluer,มองต์เฟลอน้ำแร่0.5ลิตร แพคพิเศษ12+3V1
785808,56.4,3206,มองต์เฟลอ,Monfluer,มองต์เฟลอน้ำแร่1.5ลิตร แพคพิเศษ6+2V1
210237,264.6,43,ซื่อสัตย์,SUE-SAT,ซื่อสัตย์น้ำยาซักผ้าฟลอรัล 1100มล.
791087,457.29,18,โพคารี่สเวท,POCARI SWEAT,โพคารี่สเวทเครื่องดื่มเกลือแร่(New)500มล.
726000,1073.22,50,108shop,108shop,สามแจ๋วปลาซาร์ดีนกระป๋องในซอสมะเขือเทศ155ก.
710681,648.0,105,ไบโอนิค,Bionic,ไบโอนิค เพอร์เฟคไบร์ท ดีฟคลีนซิ่งเฟเชียลโฟม80มล.
710699,648.0,32,ไบโอนิค,Bionic,ไบโอนิค เพียวมายด์ ดีฟคลีนซิ่ง เฟเชียลโฟม80มล.
791095,380.79,13,โพคารี่สเวท,POCARI SWEAT,โพคารีสเวทเครื่องดื่มเกลือแร่(New24)350 มล.
190314,964.23,5,จีชัวร์พลัส,G SURE PLUS,จีชัวร์พลัส แผ่นรองรับผู้ใหญ่ XXL 10ชิ้น
190009,783.27,87,จีชัวร์พลัส,G SURE PLUS,จีชัวร์พลัส ผ้าอ้อมผู้ใหญ่ แบบเทป M10ชิ้น
190017,783.27,60,จีชัวร์พลัส,G SURE PLUS,จีชัวร์พลัส ผ้าอ้อมผู้ใหญ่ แบบเทป L10ชิ้น
190025,783.27,5,จีชัวร์พลัส,G SURE PLUS,จีชัวร์พลัส ผ้าอ้อมผู้ใหญ่ แบบเทป XL10ชิ้น
190066,1507.12,5,จีชัวร์พลัส,G SURE PLUS,จีชัวร์พลัส ผ้าอ้อมผู้ใหญ่แบบกางเกง M11ชิ้น
190074,1507.12,5,จีชัวร์พลัส,G SURE PLUS,จีชัวร์พลัส ผ้าอ้อมผู้ใหญ่แบบกางเกง L10ชิ้น
190082,1507.12,5,จีชัวร์พลัส,G SURE PLUS,จีชัวร์พลัส ผ้าอ้อมผู้ใหญ่แบบกางเกง XL9 ชิ้น
190157,721.15,65,จีชัวร์พลัส,G SURE PLUS,จีชัวร์พลัส แผ่นรองซับผู้ใหญ่ L10 ชิ้น
190165,964.23,5,จีชัวร์พลัส,G SURE PLUS,จีชัวร์พลัส แผ่นรองซับผู้ใหญ่ XXL10 ชิ้น
190173,729.25,118,จีชัวร์พลัส,G SURE PLUS,จีชัวร์พลัส ทิชชูเปียกเด็ก 20 แผ่น
190181,437.54,7,จีชัวร์พลัส,G SURE PLUS,จีชัวร์พลัส ทิชชูเปียกเด็ก 40 แผ่น
190199,472.66,5,จีชัวร์พลัส,G SURE PLUS,จีชัวร์พลัส ทิชชูเปียกเด็ก 80 แผ่น
190272,721.15,5,จีชัวร์พลัส,G SURE PLUS,จีชัวร์พลัส แผ่นรองซับผู้ใหญ่ L 10ชิ้น (ใหม่)
190033,904.81,5,จีชัวร์พลัส,G SURE PLUS,จีชัวร์พลัส ผ้าอ้อมผู้ใหญ่ แบบเทป M28ชิ้น
190041,904.81,5,จีชัวร์พลัส,G SURE PLUS,จีชัวร์พลัส ผ้าอ้อมผู้ใหญ่ แบบเทป L24ชิ้น
190058,904.81,5,จีชัวร์พลัส,G SURE PLUS,จีชัวร์พลัส ผ้าอ้อมผู้ใหญ่ แบบเทป XL20ชิ้น
190090,1158.7,5,จีชัวร์พลัส,G SURE PLUS,จีชัวร์พลัส ผ้าอ้อมผู้ใหญ่แบบกางเกง M20 ชิ้น
190108,1158.7,5,จีชัวร์พลัส,G SURE PLUS,จีชัวร์พลัส ผ้าอ้อมผู้ใหญ่แบบกางเกง L18 ชิ้น
190116,1158.7,5,จีชัวร์พลัส,G SURE PLUS,จีชัวร์พลัส ผ้าอ้อมผู้ใหญ่แบบกางเกง XL16 ชิ้น
966291,471.96,5,รักไทย,Rakthai,รักไทยเอ็กซ์ตร้า24+6ม้วน
966317,442.88,5,รักไทย,Rakthai,รักไทยเอ็กซ์ตร้า6+2ม้วน
966309,336.19,47,รักไทย,Rakthai,รักไทยเอ็กซ์ตร้าเดี่ยว
962100,702.8,71,เทนเดอร์,Tendre,เทนเดอร์อเนอกประสงค์ 6+2 ม้วน
962167,628.43,31,เทนเดอร์,Tendre,เทนเดอร์กระดาษม้วนชำระ 24+6 ม้วน
962209,889.2,111,เทนเดอร์,Tendre,เทนเดอร์กระดาษม้วนชำระ รุ่นจัมโบ้ 24+6 ม้วน
962274,702.81,21,เทนเดอร์,Tendre,เทนเดอร์ พิคยัวไซส์ 6+2 ม้วน
962183,870.38,5,เทนเดอร์,Tendre,เทนเดอร์เช็ดหน้าซอฟแพค 130 แผ่น P4+1
962258,870.38,9,เทนเดอร์,Tendre,เทนเดอร์อเนกประสงค์อินเตอร์โฟว์94แผ่น3+1
962092,851.58,108,เทนเดอร์,Tendre,เทนเดอร์เช็ดหน้า225แผ่นP.3
967703,519.84,5,เทนเดอร์,Tendre,เทนเดอร์ป๊อบอัพ50แผ่น
962084,1130.3,5,เทนเดอร์,Tendre,เทนเดอร์อเนอกประสงค์ 2+1 ม้วน
962126,623.96,113,เทนเดอร์,Tendre,เทนเดอร์กระดาษชำระม้วนเดี่ยว
962134,620.01,69,เทนเดอร์,Tendre,เทนเดอร์กระดาษชำระ 6+2 ม้วน
962217,581.4,5,เทนเดอร์,Tendre,เทนเดอร์กระดาษเช็ดหน้าคอมแพ็ค 130 แผ่น (P.6)
962191,837.89,7,เทนเดอร์,Tendre,เทนเดอร์กระดาษม้วนชำระ รุ่นจัมโบ้ 6+2 ม้วน
962266,870.39,9,เทนเดอร์,Tendre,เทนเดอร์อเนกประสงค์แฮงค์กิ้ง200แผ่น
934422,764.99,15,คินโช,KinCho,คินโชยาจุดกันยุงชนิดขดกล่องกลิ่นตะไคร้หอม
934588,900.0,6,คินโช,KinCho,คินโชยาจุดกันยุงลายชนิดขดกลิ่นลาเวนเดอร์
934620,900.0,5,คินโช,KinCho,คินโชยาจุดกันยุงลายกลิ่นกุหลาบ(72ชิ้น)
934604,603.28,67,คินโช,KinCho,คินโชยาจุดกันยุงชนิดขด50ขด(15ชิ้น)
932079,520.2,5,คินโช,KinCho,คินโชสเปรย์แมลงบิน-คลานกลิ่นส้ม300มล.
932095,520.2,5,คินโช,KinCho,คินโชสเปรย์ดำแมลงบิน-คลานไร้กลิ่น300มล.
932111,520.2,5,คินโช,KinCho,คินโชสเปรย์เขียวแมลงบิน-คลานกลิ่นดอกไม้300มล.
932129,814.8,25,คินโช,KinCho,คินโชสเปรย์เขียวแมลงบิน-คลานกลิ่นดอกไม้600มล.
937144,792.0,5,คินโช,KinCho,คินโชสเปรย์กำจัดปลวกสีส้ม600มล.(12ชิ้น)
932160,520.2,5,คินโช,KinCho,คินโชสเปรย์ชมพูแมลงบิน-คลานกลิ่นกุหลาบ300มล.
731018,949.55,8,ฉั่วฮะเส็ง,Chuahahseng,ฉั่วฮะเส็งน้ำพริกเผากระปุก228ก.
731000,524.55,7,ฉั่วฮะเส็ง,Chuahahseng,ฉั่วฮะเส็งน้ำพริกเผากระปุก114ก.
731166,613.08,5,ฉั่วฮะเส็ง,Chuahahseng,ฉั่วฮะเส็งน้ำพริกเผา ทาขนมปัง หลอดบีบ150ก.
731174,650.61,10,ฉั่วฮะเส็ง,Chuahahseng,ฉั่วฮะเส็งน้ำมะขามเปียกเข้มข้น 380มล.
731232,524.56,5,ฉั่วฮะเส็ง,Chuahahseng,ฉั่วฮะเส็งน้ำพริกเผา 114ก สูตรต้มยำ
731240,524.56,60,ฉั่วฮะเส็ง,Chuahahseng,ฉั่วฮะเส็งน้ำพริกเผา 114ก สูตรละเอียด
731026,880.93,5,ฉั่วฮะเส็ง,Chuahahseng,ฉั่วฮะเส็งน้ำพริกเผากระปุก500ก.
731034,922.69,5,ฉั่วฮะเส็ง,Chuahahseng,ฉั่วฮะเส็งน้ำพริกเผาฉลากเหลือง800ก.
731257,598.96,5,ฉั่วฮะเส็ง,Chuahahseng,ฉั่วฮะเส็ง น้ำพริกเผากระป๋อง 450ก
731182,167.06,5,ฉั่วฮะเส็ง,Chuahahseng,ฉั่วฮะเส็งซอสพริก330ก.
731190,186.22,5,ฉั่วฮะเส็ง,Chuahahseng,ฉั่วฮะเส็งซอสมะเขือเทศ330ก.
731042,1155.3,5,ฉั่วฮะเส็ง,Chuahahseng,ฉั่วฮะเส็งน้ำพริกเผากระป๋อง900ก.
731265,343.93,66,ฉั่วฮะเส็ง,Chuahahseng,ฉั่วฮะเส็งน้ำพริกเผาถ้วย สูตรเผ็ด 20ก.
986208,1278.5,5,ซาร่า,Sara,แอนตาซิลเยลHH240มล.P6(6แพค)
987040,869.15,5,ซาร่า,Sara,ท่านเจ้าคุณยาดม72หลอด(12แผง)
731273,343.93,30,ฉั่วฮะเส็ง,Chuahahseng,ฉั่วฮะเส็งน้ำพริกเผาถ้วย ทรงเครื่อง 20ก.
731281,343.93,99,ฉั่วฮะเส็ง,Chuahahseng,ฉั่วฮะเส็งน้ำพริกเผาถ้วย สูตรต้มยำ 20ก.
731067,1546.92,5,ฉั่วฮะเส็ง,Chuahahseng,ฉั่วฮะเส็งน้ำพริกเผากระป๋อง2700ก.
526053,488.4,5,ไอหมี่,IMEE,ไอสแน็ค รสซาวครีมและหัวหอม
446005,446.04,5,ซื่อสัตย์,SUE-SAT,ซื่อสัตย์โจ๊กกึ่งสำเร็จรูปรสไก่ บรรจุ36ถ้วย
446518,557.64,5,ซื่อสัตย์,SUE-SAT,ซื่อสัตย์ข้าวต้มกึ่งสำเร็จรูปซุปปลาหมึกแห้ง36ถ้วย
446526,540.95,5,ซื่อสัตย์,SUE-SAT,ซื่อสัตย์ข้าวต้มกึ่งสำเร็จรูป รสซุปปลาหมึกแห้ง P3
724070,1058.57,5,ซื่อสัตย์,SUE-SAT,ซื่อสัตย์ปลาแมคเคอเรลในซอสมะเขือเทศ 155ก
724005,1073.88,9,ซื่อสัตย์,SUE-SAT,ซื่อสัตย์ปลาซาร์ดีนกระป๋องในซอสมะเขือเทศ
518183,457.56,5,ซื่อสัตย์,SUE-SAT,ซื่อสัตย์บะหมี่คัพโวลเคโน่ชีส
518191,457.56,5,ซื่อสัตย์,SUE-SAT,ซื่อสัตย์บะหมี่คัพสึนามิมิลค์ซีฟู้ด
417329,328.73,5,จายา,Jaya,จายาบะหมี่คัพรสเนื้อ60ก.P3
417337,328.65,5,จายา,Jaya,จายาบะหมี่คัพรสต้มยำกุ้ง60ก.P3
417121,829.6,18,จายา,Jaya,จายาบะหมี่ซองรสเนื้อ60ก.P5
417147,829.6,11,จายา,Jaya,จายาบะหมี่ซองรสต้มยำ60ก.P5
417345,345.6,5,จายา,Jaya,จายาบะหมี่คัพรสต้มแซ่บเนื้อ60ก.P3
417188,829.59,7,จายา,Jaya,จายาบะหมี่ซองรสต้มแซ่บเนื้อ60ก.
990697,1035.12,75,ดอร์โก้,Dorco,ดอร์โค ด้ามมีดโกนดิสพอสซิเบิ้ล เพซ2รุ่น2ใบมีด
990408,584.66,5,ดอร์โก้,Dorco,ดอร์โคด้ามมีดโกนดิสพอสซิเบิ้ลเพซ2รุ่น2ใบมีดx2(2+1
990820,365.78,5,ดอร์โก้,Dorco,ดอร์โคด้ามมีดโกนดิสพอสซิเบิ้ลเพซ2รุ่น2ใบมีด*12(GT)
785360,33.3,487,มองต์เฟลอ,Monfluer,มองต์เฟลอน้ำแร่1ลิตรP6
785113,80.39,101,มองต์เฟลอ,Monfluer,มองต์เฟลอน้ำแร่330มล.P24
785261,120.8,5,มองต์เฟลอ,Monfluer,มองต์เฟลอน้ำแร่5ลิตร(4แกลลอนต่อหีบ)
711572,600.0,10,ไบโอนิค,Bionic,ไบโอนิคแอคเน่ดับเบิ้ลไวท์80ก.
730739,601.87,422,มิตรผล,Mitrphol,มิตรผลน้ำตาลอ้อยธรรมชาติ1kgx25(TT)ใหม่
730317,542.52,565,มิตรผล,Mitrphol,มิตรผลไวท์ชูการ์ 1 กก*25 (CR)
737056,599.3,1416,มิตรผล,Mitrphol,มิตรผลน้ำตาลบริสุทธิ์(1กก.x25)
732263,575.33,172,มิตรผล,Mitrphol,มิตรผลน้ำตาลดีเมอเรร่า 1กก. X25
738617,513.61,10,มิตรผล,Mitrphol,มิตรผลน้ำเชื่อม1.8ล.x8
738682,377.76,735,มิตรผล,Mitrphol,มิตรผลน้ำเชื่อมถุง800มล.x12TT
738724,316.67,6,มิตรผล,Mitrphol,มิตรผลน้ำเชื่อมละลายเร็ว800มล.x12TT
737015,606.17,5,มิตรผล,Mitrphol,มิตรผลน้ำตาลอ้อยธรรมชาติ(500ก.x48)
730606,612.36,53,มิตรผล,Mitrphol,เฟรชชี่ไซรัปกลิ่นบลูเลมอน710ml
730630,612.36,44,มิตรผล,Mitrphol,เฟรชชี่ไซรัปผสมเนื้อมะม่วง710ml
730655,612.36,5,มิตรผล,Mitrphol,เฟรชชี่ไซรัปผสมน้ำส้มเข้มข้น710ml
730663,612.36,98,มิตรผล,Mitrphol,เฟรชชี่ไซรัปผสมน้ำแอปเปิ้ลเข้มข้น710ml
730671,612.36,5,มิตรผล,Mitrphol,เฟรชชี่ไซรัปผสมเนื้อสตรอเบอร์รี่710ml
730622,612.36,108,มิตรผล,Mitrphol,เฟรชชี่ไซรัปผสมเนื้อกีวี่710ml
730648,612.36,5,มิตรผล,Mitrphol,เฟรชชี่ไซรัปผสมเนื้อลิ้นจี่710ml
732024,612.36,26,มิตรผล,Mitrphol,เฟรชชี่ ไซรัป ผสมน้ำสับปะรด 710ml
732032,612.36,97,มิตรผล,Mitrphol,เฟรชชี่ ไซรัป กลิ่นบลูฮาวาย 710ml
732040,612.36,69,มิตรผล,Mitrphol,เฟรชชี่ ไซรัป ผสมเนื้อเสาวรส 710ml
732206,612.36,64,มิตรผล,Mitrphol,เฟรชชี่ไซรัปกลิ่นฟรุ๊ตพันซ์ 710มล *12
732198,612.36,24,มิตรผล,Mitrphol,เฟรชชี่ไซรัปผสมน้ำพีชเข้มข้น 710มล *12
738047,372.14,5,มิตรผล,Mitrphol,มิตรผลน้ำเชื่อมโกลเด้นไซรับ800มล.x12
737338,371.36,5,มิตรผล,Mitrphol,มิตรผลน้ำตาลไอชิ่ง(900ก.x12)
737379,325.84,5,มิตรผล,Mitrphol,มิตรผลน้ำตาลอ้อยผสมมะพร้าว(450ก.x6x2)
737270,1296.65,5,มิตรผล,Mitrphol,มิตรผลคอฟฟี่ชูการ์(500ก.x4x10)
737221,1093.57,6,มิตรผล,Mitrphol,มิตรผลน้ำตาลกรวด(500ก.x4x10)
736470,801.89,15,มิตรผล,Mitrphol,มิตรผลน้ำตาลทรายแดง500ก.(40ชิ้น)
737213,792.07,5,มิตรผล,Mitrphol,มิตรผลน้ำตาลบริสุทธิ์STICK(6ก.x50x4x10)
737759,690.89,6,มิตรผล,Mitrphol,มิตรผลSTICK NCS(6x100x20)
737874,731.86,5,มิตรผล,Mitrphol,มิตรผลน้ำตาลทรายแดง(1กก.x20)
737932,894.62,5,มิตรผล,Mitrphol,มิตรผลน้ำตาลทรายแดงเบเกอรี่1กก.
736140,832.67,48,มิตรผล,Mitrphol,มิตรผลน้ำตาลอ้อยผสมมะพร้าว(1กก.x20)
737114,632.38,7,มิตรผล,Mitrphol,มิตรผลน้ำตาลบริสุทธิ์STICK(6ก.x100x20)
738591,768.1,5,มิตรผล,Mitrphol,มิตรผลโลว์แคลชูการ์เบลนด์500ก.x36
990663,413.92,62,ดอร์โก้,Dorco,ดอร์โคมีดโกนดิสพอสซิเบิ้ลเบซ3รุ่น3ใบมีดx1(GT)
624049,278.05,21,อ.ส.ร,Aosoror,อสร.น้ำส้มสายชูกลั่น3ลิตร
624056,240.69,99,อ.ส.ร,Aosoror,อสร.น้ำส้มสายชูกลั่น5ลิตร
624163,193.14,5,อ.ส.ร,Aosoror,อสร น้ำมะนาว 1000 มล
624502,419.15,5,อ.ส.ร,Aosoror,อสร.น้ำส้มสายชูหมักข้าวหอมมะลิ700มล.
624114,175.96,94,อ.ส.ร,Aosoror,อสร.น้ำมะนาว700มล.
624106,199.2,6,อ.ส.ร,Aosoror,อสร.น้ำมะนาว250มล.
